Date,Close,High,Low,Open,Volume
2015-01-02,24.171754837036133,24.638254577319934,23.733996171356562,24.62719940958966,212818400
2015-01-05,23.490795135498047,24.021411080620908,23.30508048243492,23.9418186045134,257142000
2015-01-06,23.493009567260742,23.75168430492422,23.132632007155845,23.554914459681218,263188400
2015-01-07,23.82243537902832,23.921925153694303,23.590290322431727,23.70083526618592,160423600
2015-01-08,24.737751007080078,24.79523485856335,24.032473622702987,24.149652697167955,237458000
2015-01-09,24.764272689819336,25.038423610697226,24.36631031533404,24.91019110260957,214798000
2015-01-12,24.15407371520996,24.901357036182638,24.05458392610734,24.894724608480093,198603200
2015-01-13,24.368528366088867,24.93894069695725,24.078901144962483,24.636046935190233,268367600
2015-01-14,24.275671005249023,24.42822188490455,23.988253468699263,24.1076422137223,195826400
2015-01-15,23.6168270111084,24.33315793493926,23.58145349830288,24.319893078484984,240056000
2015-01-16,23.433313369750977,23.784847117986633,23.258652181062807,23.66324702245002,314053200
2015-01-20,24.036895751953125,24.09216823052668,23.5460758723348,23.842335547833613,199599600
2015-01-21,24.220401763916016,24.554246333501226,23.93740524529204,24.08774646055574,194303600
2015-01-22,24.850509643554688,24.865985871914653,24.257988535686493,24.377377305941547,215185600
2015-01-23,24.97873878479004,25.14897727337954,24.658157403082065,24.828397578453714,185859200
2015-01-26,25.005266189575195,25.283839922916894,24.938940234729454,25.14676358405117,222460000
2015-01-27,24.1297550201416,24.868196269432428,24.105434992702598,24.854929726513316,382274800
2015-01-28,25.493873596191406,26.115137307785997,25.493873596191406,26.006802051792118,585908400
2015-01-29,26.28758430480957,26.351700565680584,25.549143306141485,25.717172069569596,337745600
2015-01-30,25.902883529663086,26.5307777944773,25.834344540015984,26.17703442790722,334982000
2015-02-02,26.227893829345703,26.347282575936884,25.66411560502197,26.09966297125774,250956400
2015-02-03,26.232311248779297,26.329589636542504,26.002377600534224,26.19914743365883,207662800
2015-02-04,26.433509826660156,26.643546259004726,26.157147431561143,26.1991550553865,280598800
2015-02-05,26.62217903137207,26.686548350492288,26.469024386105367,26.63993474184997,168984800
2015-02-06,26.39799690246582,26.690987298209635,26.291454170632036,26.639935184459446,174826400
2015-02-09,26.57333755493164,26.599971957883984,26.28700586912348,26.313641965514464,155559200
2015-02-10,27.0838565826416,27.11271278406764,26.6710079961241,26.673226401280676,248034000
2015-02-11,27.71866798400879,27.727546684528846,27.190398003857585,27.250327115569267,294247200
2015-02-12,28.06937026977539,28.295772909406395,27.87182383146466,27.980584954105176,297898000
2015-02-13,28.206985473632812,28.251377281411806,27.88957913704015,28.251377281411806,217088800
2015-02-17,28.373456954956055,28.60651817661666,28.171470337058345,28.2979888505041,252609600
2015-02-18,28.57100486755371,28.584322071736178,28.289111627138954,28.329064933125338,179566800
2015-02-19,28.511077880859375,28.639816516664126,28.484443468926816,28.517736483842516,149449600
2015-02-20,28.744140625,28.744140625,28.422295712366065,28.548812562434367,195793600
2015-02-23,29.521005630493164,29.521005630493164,28.779651865856355,28.859558482737327,283896400
2015-02-24,29.336772918701172,29.654180943439172,29.114810496630156,29.507684932021636,276912400
2015-02-25,28.586538314819336,29.210255554176445,28.444482502820037,29.20137516080777,298846800
2015-02-26,28.948341369628906,29.04822379146525,28.1026650048681,28.58654150423791,365150000
2015-02-27,28.513294219970703,28.98163506585965,28.464462216181126,28.85511485961998,248059200
2015-03-02,28.65312957763672,28.917265414019177,28.477780746316142,28.688644379661472,192386800
2015-03-03,28.713062286376953,28.748577090756346,28.431169030292523,28.624278662306626,151265200
2015-03-04,28.531044006347656,28.757446591568463,28.48221539666991,28.6553457892278,126665200
2015-03-05,28.058277130126953,28.577668506046177,27.914001183447404,28.53993529191993,226068400
2015-03-06,28.10044288635254,28.71527806330388,28.02497647411228,28.49997423841772,291368400
2015-03-09,28.22031021118164,28.759680810980388,27.758627835894732,28.402319381168297,354114000
2015-03-10,27.63654136657715,28.23805932109031,27.478948251714044,28.058270302932478,275426400
2015-03-11,27.132686614990234,27.694251284612303,27.103832109104772,27.689812781183356,275756000
2015-03-12,27.623226165771484,27.723110284120327,26.997292125853967,27.148226659267223,193450800
2015-03-13,27.432334899902344,27.83408803493527,27.208154073139987,27.612125613115115,207309200
2015-03-16,27.734209060668945,27.734209060668945,27.27252842487255,27.496709293114733,143497200
2015-03-17,28.198104858398438,28.260254062443913,27.889577243002098,27.945067845676817,204092400
2015-03-18,28.51551628112793,28.668670913843595,28.049395473856592,28.18923120800626,261083600
2015-03-19,28.300212860107422,28.68864715426576,28.27801695341477,28.577665927363377,183238000
2015-03-20,27.94507598876953,28.499980483775065,27.780824231152863,28.466687467219813,274780400
2015-03-23,28.2358455657959,28.37790141092107,28.08269091981063,28.215869756374822,150838800
2015-03-24,28.12042808532715,28.42007541134674,28.091571878148834,28.240288031798617,131369200
2015-03-25,27.385719299316406,28.149270469250517,27.385719299316406,28.087121270477027,206620800
2015-03-26,27.576614379882812,27.718670212747906,27.21259609648612,27.248110901421946,190291600
2015-03-27,27.356868743896484,27.678713581155,27.281402332626065,27.649859075687882,158184800
2015-03-30,28.049394607543945,28.056053209901737,27.523343006570627,27.534441806126317,188398800
2015-03-31,27.618783950805664,28.076025993483867,27.603246649164333,27.987240686916746,168362400
2015-04-01,27.578845977783203,27.771953999901786,27.323588714552375,27.705364559601637,162485600
2015-04-02,27.81633186340332,27.86960237283021,27.565514925306033,27.751962555019634,128880400
2015-04-06,28.26691436767578,28.302429168378975,27.59658859207262,27.627663195968463,148776000
2015-04-07,27.969486236572266,28.43782540520699,27.962827634632472,28.33128438729237,140049200
2015-04-08,27.87848472595215,28.05605537189241,27.73864898534564,27.93397534112858,149316800
2015-04-09,28.091569900512695,28.096010098276487,27.669842558672887,27.933976748683424,129936000
2015-04-10,28.211427688598633,28.235843694120984,27.80301758429594,27.95617052668988,160752000
2015-04-13,28.155929565429688,28.53770685055236,28.10265906460641,28.49331166189537,145460400
2015-04-14,28.03385353088379,28.253595846308986,27.94728832500602,28.189226543115986,102098400
2015-04-15,28.140398025512695,28.218084541248,27.969487690895026,28.05827300606639,115881600
2015-04-16,28.004995346069336,28.21142044392355,27.991678144091228,28.029411345321673,113476000
2015-04-17,27.689809799194336,27.99833740416717,27.6254404990537,27.867380399129797,207828000
2015-04-20,28.322399139404297,28.437818831035905,27.783030492264217,27.871815782293908,188217200
2015-04-21,28.16925621032715,28.455586289423398,28.115984001409522,28.433392075866454,129740400
2015-04-22,28.548805236816406,28.60429584154471,28.03829268937934,28.187007103625863,150618000
2015-04-23,28.78186798095703,28.948339803973433,28.442265732953803,28.477780534714668,183083600
2015-04-24,28.91726303100586,28.994951230673138,28.68420181888168,28.963876628181755,178103600
2015-04-27,29.44331932067871,29.549863741320916,29.110375626648217,29.367852896215947,387816800
2015-04-28,28.97941780090332,29.86282743012304,28.759677136402377,29.845073414042368,475696000
2015-04-29,28.55324363708496,29.20803205430719,28.477777232253114,28.89062744093221,253544400
2015-04-30,27.778602600097656,28.55325112227763,27.65208406384798,28.55325112227763,332781600
2015-05-01,28.622053146362305,28.883970560985873,27.811891674772614,27.989460593249742,234050400
2015-05-04,28.566560745239258,28.98163274420011,28.468896745483764,28.744131345987658,203953200
2015-05-05,27.92287826538086,28.511077432157443,27.918438067835837,28.444488016495587,197085600
2015-05-06,27.747522354125977,28.133736487363592,27.381284025661873,28.091563086034366,288564000
2015-05-07,27.919151306152344,28.10192070708128,27.64276698239626,27.809934179606117,175763600
2015-05-08,28.445165634155273,28.445165634155273,28.108601929809527,28.235648908196517,222201600
2015-05-11,28.155406951904297,28.43178950857203,28.001612623353516,28.393898694454734,168143200
2015-05-12,28.05511474609375,28.280232019184268,27.821079984371192,27.994933601416427,192640000
2015-05-13,28.086313247680664,28.349322990095366,28.055108846081662,28.117517649279666,138776800
2015-05-14,28.741607666015625,28.741607666015625,28.342636855838087,28.398359245032,180814000
2015-05-15,28.701488494873047,28.86196924401227,28.576670890214686,28.768356040518498,152832000
2015-05-18,29.01799774169922,29.136128958323642,28.610109363136893,28.614568107450665,203531600
2015-05-19,28.99125099182129,29.17179101797366,28.89540669830535,29.129441451142803,178532800
2015-05-20,28.989015579223633,29.194073565945473,28.82853482421962,28.97564274981076,145819600
2015-05-21,29.28546142578125,29.33895614870295,28.9377542293528,28.991248952274503,158921600
2015-05-22,29.541786193847656,29.63763049072573,29.287692184974375,29.3322728259551,182384000
2015-05-26,28.890945434570312,29.62425403610724,28.779500647797832,29.5551588124723,282790400
2015-05-27,29.430341720581055,29.479377705384593,28.986793586711027,29.051430075210902,183332800
2015-05-28,29.372392654418945,29.410283480151588,29.220829351488383,29.390224231415285,122933200
2015-05-29,29.03804588317871,29.298826208872633,28.95334677873955,29.2497902432525,203538000
2015-06-01,29.096010208129883,29.285467750161875,28.98679646832212,29.038060129885473,128451200
2015-06-02,28.966733932495117,29.122755972398,28.824084724437427,28.944443612069538,134670400
2015-06-03,29.00239372253418,29.185164827397315,28.95335773835263,29.12275601135268,123934000
2015-06-04,28.83299446105957,29.10492000429588,28.732694836330577,28.882030437775946,153800400
2015-06-05,28.674747467041016,28.906554570065015,28.610110975463048,28.864204999261077,142507200
2015-06-08,28.485288619995117,28.799563739802192,28.26908545822926,28.730465114073123,210699200
2015-06-09,28.400590896606445,28.54769884094166,27.999390658489013,28.24011012115443,224301600
2015-06-10,28.726009368896484,28.828536668303414,28.49643167937827,28.512033881528776,156349200
2015-06-11,28.6613712310791,29.015764858843063,28.63685324042105,28.792875271415387,141563600
2015-06-12,28.344865798950195,28.60341851265787,28.331492969107536,28.572214109350043,147544800
2015-06-15,28.289146423339844,28.36047102429246,28.019450222846757,28.106377027116736,175955600
2015-06-16,28.44070816040039,28.49643055166313,28.166554947674665,28.31366117634184,125976400
2015-06-17,28.37384796142578,28.50312264250904,28.24902862379286,28.467461189265897,131672400
2015-06-18,28.503116607666016,28.598959187451726,28.356010380850975,28.358239752616896,141628800
2015-06-19,28.217819213867188,28.489744761271798,28.17324198008486,28.465226772537775,218867600
2015-06-22,28.442941665649414,28.543241304293367,28.32481045108704,28.416194301771778,136157200
2015-06-23,28.313669204711914,28.44294559722091,28.280235420371596,28.413970557732856,121075600
2015-06-24,28.55438232421875,28.931066233444163,28.333722130888372,28.353781375503665,221123600
2015-06-25,28.41841697692871,28.79732852308285,28.41841697692871,28.72154689405693,127752400
2015-06-26,28.25126075744629,28.52764342401851,28.19776772209652,28.456318810047843,176267200
2015-06-29,27.75644302368164,28.188849413776683,27.74529956342408,27.963730430215445,196645600
2015-06-30,27.95703887939453,28.110833227113076,27.829991892304744,27.988243283205183,177482800
2015-07-01,28.217819213867188,28.293602551912105,28.081856440164884,28.284686765053145,120955200
2015-07-02,28.182161331176758,28.237883730708184,28.032824008042905,28.179931959051952,108844000
2015-07-06,28.08409309387207,28.13535845647545,27.827769681880973,27.84783063264331,112241600
2015-07-07,28.01499366760254,28.117522676977106,27.587044353914475,28.059570906282733,187787200
2015-07-08,27.319578170776367,27.780959574195116,27.312891754866524,27.74529812250506,243046400
2015-07-09,26.762348175048828,27.6516770025603,26.572892397831318,27.60487040116626,314380000
2015-07-10,27.477832794189453,27.604879812864063,27.01645133684347,27.179161511889212,245418000
2015-07-13,28.0083065032959,28.030595122040307,27.709633570480506,27.867884974232183,165762000
2015-07-14,27.997161865234375,28.166558431770294,27.870114865460593,28.09300445808215,127072400
2015-07-15,28.266855239868164,28.340409206196515,27.990472648815775,28.021677052619474,134596800
2015-07-16,28.64353370666504,28.656909935993607,28.384982723216837,28.471909508217827,144889600
2015-07-17,28.890945434570312,28.890945434570312,28.59896063739041,28.770586561307027,184658800
2015-07-20,29.437026977539062,29.637626229005697,29.13166595565219,29.191847091502144,235600800
2015-07-21,29.142812728881836,29.626482711746768,29.0469718415007,29.61088220960279,307025600
2015-07-22,27.910228729248047,27.97263752894381,27.190294760158203,27.190294760158203,461802400
2015-07-23,27.89686393737793,28.327039244992637,27.874573616340435,28.12866763145066,203998000
2015-07-24,27.749753952026367,28.026136567453218,27.61602053814322,27.93252334778628,168649200
2015-07-27,27.364154815673828,27.551382959642904,27.2192779394094,27.435479418016175,177822000
2015-07-28,27.50011444091797,27.6182473410468,27.315117390836413,27.50011444091797,134472400
2015-07-29,27.413190841674805,27.526865011387642,27.252710061024363,27.448853993158306,148046800
2015-07-30,27.275001525878906,27.31957876659184,27.12789357060331,27.26385636544431,134513200
2015-07-31,27.036508560180664,27.335179801306126,26.94958175415086,27.326264013442472,171540000
2015-08-03,26.39904022216797,27.31957349946473,26.19398053309023,27.081081736554253,279904000
2015-08-04,25.55206298828125,26.234104603576604,25.2422465878358,26.171695789172148,496554400
2015-08-05,25.72145652770996,26.176151451205765,24.98592027194948,25.17537606494462,397250400
2015-08-06,25.777433395385742,26.084174951835017,25.55129714288187,25.96550902150507,211612000
2015-08-07,25.86474609375,26.028192700600346,25.636370444892382,25.654282729409307,154681600
2015-08-10,26.80512809753418,26.86557993957816,26.090891351781842,26.090891351781842,219806400
2015-08-11,25.41024398803711,26.460328652622938,25.374421111088235,26.37748558060016,388331200
2015-08-12,25.802061080932617,25.84236287679192,24.545990436229246,25.195296388091382,404870000
2015-08-13,25.78191375732422,26.06178689470679,25.64533552962472,25.981183294483802,194143200
2015-08-14,25.96326446533203,26.04162858242252,25.526663164249566,25.59607113821405,171718000
2015-08-17,26.231945037841797,26.34165480763774,25.860272765172244,25.98117814152705,163538800
2015-08-18,26.084178924560547,26.294644090836634,25.974469122404177,26.068506095681066,138242800
2015-08-19,25.750564575195312,26.088650048930123,25.676677667077175,25.994613097621496,193146000
2015-08-20,25.22216033935547,25.602787015113915,24.99378296733273,25.54233518617236,274006400
2015-08-21,23.67950439453125,25.054240964055126,23.654875424376108,24.72510991580904,513102000
2015-08-24,23.088411331176758,24.360154736085217,20.5986596770011,21.24124891448916,648825200
2015-08-25,23.227231979370117,24.877364686219156,23.173496812885453,24.877364686219156,414406400
2015-08-26,24.55942726135254,24.604206278523865,23.5205383474457,23.977289788865253,387098400
2015-08-27,25.282617568969727,25.354265018824652,24.633311593791372,25.1281287694697,338464400
2015-08-28,25.365459442138672,25.369936660203646,24.97363709537357,25.114692525253453,212657600
2015-08-31,25.24679946899414,25.643099127221372,25.076636102854465,25.0833527856398,224917200
2015-09-01,24.118345260620117,25.0497620770223,24.037741668751384,24.662418651629118,307383600
2015-09-02,25.15275001525879,25.15275001525879,24.43403622539802,24.680325876803817,247555200
2015-09-03,24.711685180664062,25.25127983287986,24.637798244403033,25.18634904418476,212935600
2015-09-04,24.465391159057617,24.729591487792273,24.29522950938527,24.39822262625333,199985200
2015-09-08,25.14603614807129,25.20201076452285,24.700478679415603,25.020653553846913,219374400
2015-09-09,24.662418365478516,25.52890440569898,24.577335848265434,25.470692029743567,340043200
2015-09-10,25.204248428344727,25.36321612273452,24.606439977285298,24.689281310465983,251571200
2015-09-11,25.571443557739258,25.571443557739258,25.022893000162675,25.029609680818837,199662000
2015-09-14,25.81773567199707,26.171495714483527,25.716982029564473,26.10208772561707,233453600
2015-09-15,26.034912109375,26.090886723200867,25.618460845853757,25.956547991660713,173364800
2015-09-16,26.064029693603516,26.093135888660495,25.846847837887562,26.028205107493125,148694000
2015-09-17,25.506515502929688,26.08193455236949,25.461736488332857,25.89610010440373,256450400
2015-09-18,25.40128517150879,25.59160027079234,25.047526825406674,25.123651498552046,297141200
2015-09-21,25.795347213745117,25.83117179539932,25.448305547072934,25.450543302268766,200888000
2015-09-22,25.390090942382812,25.564731503889117,25.193059163690542,25.385612015661604,201384800
2015-09-23,25.596073150634766,25.685632880726555,25.367697461699983,25.441582658931672,143026800
2015-09-24,25.74833106994629,25.860280335467795,25.159478548258853,25.35650864062102,200878000
2015-09-25,25.683395385742188,26.126715144151163,25.528904882201047,26.070740522080886,224607600
2015-09-28,25.175146102905273,25.6520492591599,25.175146102905273,25.49084207726823,208436000
2015-09-29,24.418367385864258,25.4147166346998,24.149689896408503,25.26246560181892,293461600
2015-09-30,24.69600486755371,24.973638525143357,24.34448429608788,24.666896969730384,265892000
2015-10-01,24.534801483154297,24.543757629396392,24.026550860229435,24.420612753830394,255716400
2015-10-02,24.713911056518555,24.854968177613188,24.08027972176033,24.183272806944387,232079200
2015-10-05,24.803476333618164,24.935577341025226,24.42061009161065,24.6019673356642,208258800
2015-10-06,24.922142028808594,25.018418454224744,24.577338126346334,24.769890977178633,192787200
2015-10-07,24.803476333618164,25.025135377262504,24.49673647226439,25.018418695365714,187062400
2015-10-08,24.51688575744629,24.671376269120408,24.228056487373365,24.671376269120408,247918400
2015-10-09,25.103498458862305,25.13932132777321,24.514644356961238,24.628833061271347,211064400
2015-10-12,24.98707389831543,25.244557531856653,24.95125102423349,25.2400803131752,121868800
2015-10-13,25.029605865478516,25.177377942017944,24.781078469825896,24.81242411358303,132197200
2015-10-14,24.675851821899414,24.969158290563232,24.530317465036724,24.917662595621124,177849600
2015-10-15,25.045284271240234,25.099019428488592,24.738542736703256,24.83705861516678,150694000
2015-10-16,24.8616886138916,25.07663095999206,24.747499905328574,25.027373018721345,156930400
2015-10-19,25.01618194580078,25.0206591645086,24.653465734903268,24.80795625757982,119036800
2015-10-20,25.47292709350586,25.562486819326818,24.812427318469453,24.92885376628992,195871200
2015-10-21,25.470693588256836,25.878188785928117,25.457258516805933,25.524428749430527,167180800
2015-10-22,25.860271453857422,25.860271453857422,25.54681327641116,25.59831067247697,166616400
2015-10-23,26.661834716796875,26.69541983460637,26.046113820393007,26.12895517501837,237467600
2015-10-26,25.811017990112305,26.44912835328263,25.730414396005532,26.437934453562765,265335200
2015-10-27,25.64757537841797,26.093132941527404,25.522191049403634,25.837888773055862,279537600
2015-10-28,26.70438003540039,26.711098426980385,25.98566587527864,26.18045823404844,342205600
2015-10-29,26.986486434936523,27.022311015545384,26.480475337201515,26.576751762325298,204909200
2015-10-30,26.755868911743164,27.14097457859815,26.74467330422836,27.089477175523875,197461200
2015-11-02,27.132017135620117,27.172318929250643,26.780496599924348,27.046936330493363,128813200
2015-11-03,27.4432373046875,27.649223501416767,27.024546521766375,27.04469827373439,182076000
2015-11-04,27.31561851501465,27.723113739287285,27.230537695251382,27.56862321909153,179544400
2015-11-05,27.1896915435791,27.58768915297197,27.02329794480738,27.398808495415594,158210800
2015-11-06,27.221168518066406,27.389811148169457,27.122232674960603,27.232412046281897,132169200
2015-11-09,27.110992431640625,27.389814466848353,26.994067615431497,27.19868647267791,135485600
2015-11-10,26.25653648376465,26.548851106859324,26.09688830871263,26.2857689753872,236511600
2015-11-11,26.108137130737305,26.40269914710894,25.905765559537567,26.16660041031104,180872000
2015-11-12,26.02044105529785,26.26778330516697,26.00470114072951,26.141863988620223,130102400
2015-11-13,25.26042366027832,25.986712211818396,25.24468374568876,25.90351454011813,183249600
2015-11-16,25.674156188964844,25.68764705151674,24.959111309845696,25.044556298543846,152426800
2015-11-17,25.563983917236328,25.869789467274707,25.480786238813977,25.840556969587904,110467600
2015-11-18,26.373464584350586,26.418435275716188,25.970970549197364,26.029433820390178,186698800
2015-11-19,26.708499908447266,26.926611356339105,26.254289766076003,26.45216320271426,173183200
2015-11-20,26.825424194335938,26.964834350174375,26.724237577607514,26.802937135826262,137148400
2015-11-23,26.476892471313477,26.922109761966304,26.384700344990634,26.818674107621135,129930000
2015-11-24,26.730985641479492,26.83666865100473,26.3352387624564,26.382458502037952,171212800
2015-11-25,26.53986167907715,26.80969100919762,26.515127280928052,26.80519291015844,85553200
2015-11-27,26.490394592285156,26.625310123812973,26.44317484245932,26.598326674402962,52185600
2015-11-30,26.600568771362305,26.850160037720876,26.476896804960564,26.530861974153236,156721200
2015-12-01,26.384702682495117,26.71524253558554,26.276772352213552,26.70175167318076,139409600
2015-12-02,26.146358489990234,26.557847004045957,26.101387798895118,26.38470624073377,133546400
2015-12-03,25.90351676940918,26.261040168029606,25.683157946190956,26.207074987009943,166278000
2015-12-04,26.764713287353516,26.814182073839056,25.88327475795129,25.92374906366475,231108000
2015-12-07,26.5960750579834,26.951349387744692,26.490392035729663,26.7534759244012,128336800
2015-12-08,26.584827423095703,26.668023363707515,26.276772906027855,26.425177542173227,137238000
2015-12-09,25.997961044311523,26.463414859822418,25.87653808606663,26.45217132617067,185445600
2015-12-10,26.12162971496582,26.294770515527038,25.973225030007047,26.092398931017556,116850800
2015-12-11,25.449302673339844,25.946236190364907,25.375099488513708,25.901265498936777,187544800
2015-12-14,25.291900634765625,25.336871321031932,24.68703512601002,25.224442889844447,257274800
2015-12-15,24.84443473815918,25.36385526714267,24.812954914041605,25.170478224407994,213292400
2015-12-16,25.03555679321289,25.181714065101342,24.464421996545784,24.97484620839347,224954000
2015-12-17,24.504898071289062,25.240179150051315,24.504898071289062,25.18846132435762,179091200
2015-12-18,23.841577529907227,24.626327653515816,23.792108735976694,24.489166518783954,385813200
2015-12-21,24.13389015197754,24.142884633341986,23.738141549551425,24.122646621391503,190362400
2015-12-22,24.111400604248047,24.221579979597372,23.936010821490726,24.149625856743704,131157600
2015-12-23,24.421709060668945,24.475674238564384,24.10465999504882,24.120399910081744,130629600
2015-12-24,24.29129409790039,24.50940559649959,24.273305131608815,24.50940559649959,54281600
2015-12-28,24.019210815429688,24.21483691016716,23.87530255568779,24.192349850721047,106816800
2015-12-29,24.450937271118164,24.606089071221,24.02820694358233,24.05069228904836,123724800
2015-12-30,24.131641387939453,24.441943278831367,24.10016156055282,24.414961549941072,100855200
2015-12-31,23.668434143066406,24.066430040175042,23.569496573278652,24.06193365769457,163649200
2016-01-04,23.688671112060547,23.693169210190845,22.935400934284008,23.072563763387645,270597600
2016-01-05,23.095043182373047,23.80109344177295,23.027587167420734,23.77860810345551,223164000
2016-01-06,22.64308738708496,23.01859968474852,22.45645747836089,22.611607560769006,273829600
2016-01-07,21.68744468688965,22.514918047091673,21.682948304264993,22.1888762678676,324377600
2016-01-08,21.80213165283203,22.28557448248969,21.757160944943077,22.159655127982596,283192000
2016-01-11,22.1551456451416,22.274319503789176,21.887565438767243,22.25408321029279,198957600
2016-01-12,22.47669219970703,22.640838467302366,22.224851891300492,22.609358643191765,196616800
2016-01-13,21.8988094329834,22.753266186209792,21.878573139057075,22.557640100646875,249758400
2016-01-14,22.37775421142578,22.593618309183817,21.527795545269733,22.026978054731973,252680400
2016-01-15,21.840349197387695,21.97076660584606,21.442353255290477,21.631232220212024,319335600
2016-01-19,21.73466682434082,22.18213153478481,21.473832020329265,22.128166363980363,212350800
2016-01-20,21.763898849487305,22.07869884236,21.00613050352855,21.383890151871395,289337600
2016-01-21,21.653717041015625,22.008989588107926,21.347911563768303,21.824607025254842,208646000
2016-01-22,22.80498504638672,22.813979527720896,22.119172570994266,22.177634126383563,263202000
2016-01-25,22.359771728515625,22.829721847998016,22.30805388427223,22.82747279854689,207178000
2016-01-26,22.483440399169922,22.683562898019467,22.051715573484742,22.469949534467872,300308000
2016-01-27,21.006126403808594,21.727916682615913,20.98813744417886,21.59525196527026,533478800
2016-01-28,21.156780242919922,21.2534687572687,20.774524283227525,21.08932421707389,222715200
2016-01-29,21.8875675201416,21.8875675201416,21.21524594021095,21.314183514770498,257666000
2016-02-01,21.682952880859375,21.745912544024144,21.4513505275652,21.691947363528936,163774000
2016-02-02,21.244482040405273,21.595258278117893,21.19950962818435,21.455846373516206,149428800
2016-02-03,21.664962768554688,21.77514217326002,21.154538341615158,21.361406285496777,183857200
2016-02-04,21.83904457092285,22.004081590600105,21.5202767998081,21.671748022428808,185886800
2016-02-05,21.255760192871094,21.911383881383404,21.181156088787205,21.820952730410887,185672400
2016-02-08,21.47957992553711,21.635571909323836,21.034207883414375,21.054553988974455,216085600
2016-02-09,21.475055694580078,21.689829898955924,21.235414604793277,21.31680247016064,177324800
2016-02-10,21.312280654907227,21.782521286759618,21.27384797413499,21.685308095798124,169374400
2016-02-11,21.18341827392578,21.41401782406949,20.93247261779755,21.203766104741266,200298800
2016-02-12,21.248971939086914,21.36427166595086,21.027417495122727,21.294188363754262,161405600
2016-02-16,21.84808921813965,21.895565198709427,21.389153014467205,21.48184372181831,196231600
2016-02-17,22.182674407958984,22.2030205087076,21.737302471158245,21.854861744532556,179452800
2016-02-18,21.762174606323242,22.356756552852104,21.72374020173718,22.34545201182724,156084000
2016-02-19,21.712434768676758,21.875210480764,21.65817677292454,21.70339148191296,141496800
2016-02-22,21.90233612060547,21.906858625887352,21.685302437495494,21.77347231735797,137123200
2016-02-23,21.40723419189453,21.816433057926353,21.375583546170017,21.79382570024182,127770400
2016-02-24,21.726003646850586,21.789304943382405,21.097509738669007,21.24672141606341,145022800
2016-02-25,21.875207901000977,21.875207901000977,21.533831196456354,21.714693460741945,110330800
2016-02-26,21.90912628173828,22.160070203651877,21.834520446256214,21.974687104013064,115964400
2016-02-29,21.859386444091797,22.207545243210323,21.85034315679682,21.897819121472434,140865200
2016-03-01,22.727523803710938,22.781781808564162,22.0244240945734,22.076422570979613,201628400
2016-03-02,22.77726173400879,22.808912381558407,22.526316082129018,22.723003727471006,132678400
2016-03-03,22.946813583374023,22.994289542428934,22.709432063268995,22.738823174705715,147822800
2016-03-04,23.288192749023438,23.45548924963451,22.917426599112055,23.143503603927808,184220400
2016-03-07,23.03046417236328,23.24749788125057,22.824733278362373,23.14802345119909,143315600
2016-03-08,22.840560913085938,23.00559789558876,22.698133012307633,22.784041658436184,126247600
2016-03-09,22.86090850830078,22.96490372881502,22.668741664588698,22.90386196851119,108806800
2016-03-10,22.872215270996094,23.114117651176542,22.64161743351319,22.92647500614705,134054400
2016-03-11,23.11863899230957,23.123159774261975,22.946819955991838,23.114116485526203,109632800
2016-03-14,23.17741584777832,23.265587474386763,23.010119332204216,23.039510449350633,100304400
2016-03-15,23.64313507080078,23.778780937290975,23.478098087936687,23.502966698023478,160270800
2016-03-16,23.957378387451172,24.03424373446791,23.645391044116028,23.649913549723195,153214000
2016-03-17,23.918949127197266,24.070420314872738,23.72904353569829,23.8556461134771,137682800
2016-03-18,23.946075439453125,24.07720051348592,23.781040195265838,24.041027365546956,176820800
2016-03-21,23.943815231323242,24.337188717419153,23.76973498026448,23.948336012271906,142010800
2016-03-22,24.126935958862305,24.255799770484217,23.78555923077143,23.794602517092503,129777600
2016-03-23,23.99355697631836,24.206069957750973,23.94156022011529,24.072685324609076,102814000
2016-03-24,23.889558792114258,24.02068388043272,23.713218988776717,23.844344077095183,104532000
2016-03-28,23.781042098999023,24.007119117223695,23.751650982738123,23.96416393181516,77645600
2016-03-29,24.343976974487305,24.368845588138758,23.71096054035557,23.71322179382325,124760400
2016-03-30,24.768993377685547,24.96341971847851,24.55195968385792,24.56326422279049,182404400
2016-03-31,24.640138626098633,24.845869581453446,24.615270011169347,24.80517564109926,103553600
2016-04-01,24.866212844848633,24.86847409817385,24.461534741180458,24.59265983674843,103496000
2016-04-04,25.121673583984375,25.36357587343661,24.92950677918675,24.963418669729293,149424800
2016-04-05,24.82550811767578,25.033500212410214,24.73733824945919,24.75768607087926,106314800
2016-04-06,25.085508346557617,25.09003085329812,24.68761227010977,24.92047307197915,105616400
2016-04-07,24.538393020629883,24.96341707713397,24.443441113032737,24.857160631800376,127207600
2016-04-08,24.565528869628906,24.816472765264848,24.454749892241516,24.622048122439764,94326800
2016-04-11,24.646913528442383,25.006376851669792,24.603960071767485,24.635610713456614,117630000
2016-04-12,24.96794891357422,24.981512984063105,24.565532057315203,24.71926278907174,108929200
2016-04-13,25.329668045043945,25.397490112175344,25.04933303960668,25.04933303960668,133029200
2016-04-14,25.343238830566406,25.408801386885166,25.16916024814367,25.234722804462425,101895600
2016-04-15,24.834564208984375,25.388454030020274,24.8074360662083,25.345498837516754,187756000
2016-04-18,24.29876708984375,24.63109897282807,24.17668525075852,24.61753489898461,243286000
2016-04-19,24.169897079467773,24.416320224181874,24.016164623877835,24.389190358549207,129539600
2016-04-20,24.219629287719727,24.43666300879299,23.97772695773727,24.10885203656196,122444000
2016-04-21,23.957378387451172,24.17441208617142,23.85564270925603,24.17441208617142,126210000
2016-04-22,23.891817092895508,24.072679380283482,23.652176028212455,23.740345918985675,134732400
2016-04-25,23.756175994873047,23.88503983986078,23.62731214988531,23.73808941754787,112126400
2016-04-26,23.591135025024414,23.805909213746393,23.49166231613834,23.49166231613834,224064800
2016-04-27,22.114850997924805,22.316059380175094,21.631046379386973,21.703390946883363,458408400
2016-04-28,21.438879013061523,22.128412721675506,21.307753959352375,22.067372700027654,328970800
2016-04-29,21.192453384399414,21.414009560329276,20.914379694268078,21.248972623431182,274126000
2016-05-02,21.16985321044922,21.269327656813207,20.889518172769012,21.24445904522221,192640400
2016-05-03,21.518014907836914,21.64461751106802,21.17889931361265,21.296458627351374,227325200
2016-05-04,21.2941951751709,21.680786674377792,21.210546056401967,21.522531724666095,164102000
2016-05-05,21.207761764526367,21.39654856740518,21.080388372382743,21.380626893387227,143562000
2016-05-06,21.089487075805664,21.25552714546316,20.89160192224227,21.237332185801375,174799600
2016-05-09,21.105405807495117,21.328309216431954,21.05991407635242,21.153170823695866,131745600
2016-05-10,21.248701095581055,21.28281946048958,20.95073762839965,21.228231117835215,134747200
2016-05-11,21.04172134399414,21.282821470879867,21.03034797617292,21.262351491200416,114876400
2016-05-12,20.548147201538086,21.103134265635397,20.350263778278634,21.0894876117092,305258800
2016-05-13,20.589086532592773,20.85065835989076,20.470811496382066,20.470811496382066,177571200
2016-05-16,21.353330612182617,21.46933236491437,20.846110358379693,21.01442543613503,245039200
2016-05-17,21.26462745666504,21.539845986370324,21.155450747282906,21.505729349271224,187667600
2016-05-18,21.50799560546875,21.655840680797656,21.355602225123974,21.417015622495832,168249600
2016-05-19,21.426118850708008,21.526198945289668,21.282823771465388,21.526198945289668,121768400
2016-05-20,21.658113479614258,21.70587848637562,21.498895055077952,21.526190088369486,128104000
2016-05-23,21.933334350585938,22.106199443485952,21.760469257685926,21.805960984939592,152074400
2016-05-24,22.267698287963867,22.31091327350232,22.026596394788104,22.113029836530032,140560800
2016-05-25,22.658920288085938,22.686213599874208,22.315464986978153,22.442838402877136,152675200
2016-05-26,22.838603973388672,22.91138901506927,22.436010355864525,22.672562175159538,225324800
2016-05-27,22.824954986572266,22.85225002723643,22.574756520813573,22.617973234698777,145364800
2016-05-31,22.713502883911133,22.83632796179195,22.47695107488128,22.65436449782062,169228800
2016-06-01,22.39507484436035,22.640725078601825,22.365506509534764,22.522448268633966,116693200
2016-06-02,22.226757049560547,22.254050359871055,21.978831823800608,22.19946200391749,160766400
2016-06-03,22.272239685058594,22.351848039335525,22.165336294173013,22.24267136356487,114019600
2016-06-06,22.433732986450195,23.17523171397771,22.18808458108011,22.28816291833011,93170000
2016-06-07,22.52471351623535,22.71577530507539,22.50879184510968,22.574753549868028,89638000
2016-06-08,22.50424575805664,22.645265791831612,22.445107372904335,22.522440715899357,83392400
2016-06-09,22.665739059448242,22.743072407745238,22.395068869744176,22.4041672169554,106405600
2016-06-10,22.479228973388672,22.597504025380122,22.399620598458615,22.410992231830097,126851600
2016-06-13,22.140321731567383,22.545190398665728,22.085733380235403,22.447385329224215,152082000
2016-06-14,22.16762351989746,22.399627120482386,22.006131702209057,22.135780160653717,127727600
2016-06-15,22.094825744628906,22.383692568504436,22.069805728849705,22.24949414429491,117780800
2016-06-16,22.18808364868164,22.23357364230803,21.851451795717487,21.937883477740435,125307200
2016-06-17,21.683135986328125,21.983374445732636,21.67631266105356,21.976551120458073,244032800
2016-06-20,21.630823135375977,21.965179990517978,21.614901463004077,21.835531591109053,137647600
2016-06-21,21.815067291259766,21.915145657075037,21.53529870638396,21.59443710572884,142185600
2016-06-22,21.733179092407227,22.037965899988716,21.68768735858985,21.892395822437525,116876400
2016-06-23,21.8582820892334,21.901498811687553,21.66494695169164,21.821890429797723,128960800
2016-06-24,21.244155883789062,21.530747761291018,21.07356576973615,21.132704161834226,301245600
2016-06-27,20.9348201751709,21.16454869416482,20.8119950779464,21.153175325125847,181958400
2016-06-28,21.28736686706543,21.303290273971506,20.957560069318394,21.130425171644948,161779600
2016-06-29,21.47160530090332,21.50572366431587,21.296465178540526,21.373800251297773,146124000
2016-06-30,21.744548797607422,21.783215466426835,21.44886036298996,21.480703706174424,143345600
2016-07-01,21.810518264770508,21.94244172509315,21.6831448467115,21.719536508157216,104106000
2016-07-05,21.605810165405273,21.699066944959693,21.48526007307021,21.696791923783735,110820800
2016-07-06,21.72863006591797,21.758200128113007,21.464784938786494,21.517098265953845,123796400
2016-07-07,21.821887969970703,21.94926136663653,21.749102923971318,21.767297883971878,100558400
2016-07-08,21.990203857421875,22.03796888289611,21.846908780999176,21.946987138278903,115648400
2016-07-11,22.058435440063477,22.21082882883504,22.001572079895098,22.006120385162472,95179600
2016-07-12,22.15851593017578,22.222202622108583,22.090280932533013,22.101652564474037,96670000
2016-07-13,22.03342056274414,22.215382316531976,22.026595500252867,22.15624565760046,103568800
2016-07-14,22.470134735107422,22.515624747577967,22.13577776391744,22.151699441815403,155676000
2016-07-15,22.467849731445312,22.586126487850887,22.40416304814937,22.49969307309328,120548000
2016-07-18,22.70668601989746,22.774921036806884,22.42691741810402,22.44966242374049,145975600
2016-07-19,22.71578598022461,22.745354316115744,22.59523414466963,22.645274201818335,95119600
2016-07-20,22.73624610900879,22.849972831283942,22.68620607355459,22.74534445503065,105104000
2016-07-21,22.61569595336914,22.972797790199554,22.54745922619612,22.70667767782248,130808000
2016-07-22,22.440561294555664,22.58613138373862,22.360951187847068,22.577033036248142,113254800
2016-07-25,22.140321731567383,22.481501964223952,22.04479168290332,22.347305239005255,161531600
2016-07-26,21.987924575805664,22.283614754680112,21.931061213355353,22.02204294034227,224959200
2016-07-27,23.416336059570312,23.73477129206841,23.370846055784476,23.716574596421108,369379200
2016-07-28,23.732498168945312,23.757518193627863,23.386769600664,23.389044621634927,159479200
2016-07-29,23.70292854309082,23.780263633885653,23.5823784682039,23.698380236729925,110934800
2016-08-01,24.12143898010254,24.144183977954523,23.748415462267246,23.748415462267246,152671600
2016-08-02,23.764339447021484,24.12598963346021,23.655161017241863,24.12144132758002,135266400
2016-08-03,24.062305450439453,24.073677083992887,23.830301913693987,23.839400261736206,120810400
2016-08-04,24.210947036743164,24.240675539017396,24.076021614689463,24.14462799807037,109634800
2016-08-05,24.57913589477539,24.618012038856754,24.28184383416143,24.302424706416335,162213600
2016-08-08,24.782663345336914,24.782663345336914,24.505953931304926,24.588279156253062,112148800
2016-08-09,24.883285522460938,24.91301577419259,24.70033804559322,24.750649168770092,105260800
2016-08-10,24.698041915893555,24.903859280805825,24.64315786682777,24.86040846356533,96034000
2016-08-11,24.682035446166992,24.910721032902632,24.663740180492326,24.81695910486939,109938000
2016-08-12,24.739213943481445,24.798672701623637,24.6477393335857,24.6477393335857,74641600
2016-08-15,25.0365047454834,25.05022532562946,24.716344499122467,24.730065079268527,103472800
2016-08-16,25.013635635375977,25.208019832624814,24.974759493819427,25.070807047570803,135177600
2016-08-17,24.97704315185547,25.011346343055315,24.775798694007165,24.949600249949032,101424000
2016-08-18,24.945030212402344,25.063945978389675,24.93130788748355,24.979333407599857,87938800
2016-08-19,25.009061813354492,25.084528493542,24.780376172592096,24.87413637804353,101472400
2016-08-22,24.814678192138672,24.94960187632509,24.663744838913637,24.8947178136673,103280800
2016-08-23,24.892431259155273,24.99991378779172,24.81925192504388,24.83297250496072,85030800
2016-08-24,24.704914093017578,24.86956806418607,24.624874452792145,24.828404571393946,94700400
2016-08-25,24.599716186523438,24.670608182261617,24.396186090273154,24.55855269825186,100344800
2016-08-26,24.455644607543945,24.686615863863906,24.31157152765486,24.563127145006252,111065200
2016-08-29,24.428199768066406,24.56998549165305,24.30699665914969,24.382463338384497,99881200
2016-08-30,24.240673065185547,24.355015862662835,24.126330267708255,24.194936644087683,99455600
2016-08-31,24.2635440826416,24.371026603861498,24.158348906160995,24.16292359563958,118649600
2016-09-01,24.407617568969727,24.42362549295995,24.15377638517271,24.272692142709676,106806000
2016-09-02,24.636306762695312,24.698051122819795,24.428201975947808,24.62944472736316,107210000
2016-09-06,24.629436492919922,24.766649237958383,24.585987418741436,24.675174656176917,107521600
2016-09-07,24.780370712280273,24.87184529737556,24.48536609133258,24.659167628540366,169457200
2016-09-08,24.130903244018555,24.531103035721326,24.066871556503333,24.52653009149851,212008000
2016-09-09,23.584348678588867,24.17664537470225,23.584348678588867,23.929664472583937,186228000
2016-09-12,24.11261558532715,24.176647288411548,23.44713950384346,23.47458241005094,181171200
2016-09-13,24.68661117553711,24.878707997329702,24.524244600003367,24.58599069243886,248704800
2016-09-14,25.560195922851562,25.84834034830154,24.835262785991265,24.86499303896986,443554800
2016-09-15,26.429197311401367,26.465787848457715,25.95353079806588,26.038145106459055,359934400
2016-09-16,26.280550003051758,26.557259383053502,26.079307293432148,26.326288172101272,319547600
2016-09-19,25.97411346435547,26.56869573487193,25.89864679007236,26.342297456755436,188092000
2016-09-20,25.971826553344727,26.097604345917137,25.729420347368304,25.852910795148613,138057200
2016-09-21,25.967260360717773,26.06788087620702,25.7134191095078,26.03586501972408,144012800
2016-09-22,26.211952209472656,26.28513155432334,26.070166465503682,26.15020610131955,124296000
2016-09-23,25.775161743164062,26.250828357102467,25.509887272331664,26.166214030813464,209924800
2016-09-26,25.81403160095215,25.93066175316282,25.5098810589065,25.53046192679103,119477600
2016-09-27,25.862051010131836,25.8826336192787,25.690536827748755,25.84147014571746,98429600
2016-09-28,26.058731079101562,26.216524747781484,25.93981529984219,25.999274061838467,118564400
2016-09-29,25.653955459594727,26.024426828753022,25.567055543500654,25.878068157050905,143548000
2016-09-30,25.85291290283203,25.926092239549394,25.567055846165303,25.71798746482417,145516400
2016-10-03,25.731706619262695,25.852911470148342,25.67682255594942,25.775157447782696,86807200
2016-10-04,25.841476440429688,26.141054060318368,25.75686212840585,25.855197020048127,118947200
2016-10-05,25.85291290283203,25.992411286064037,25.770585930933372,25.932952529752114,85812400
2016-10-06,26.045000076293945,26.14790788746358,25.87119855024086,26.001549258597553,115117200
2016-10-07,26.083881378173828,26.19822418869675,25.958105333438315,26.14105278343529,97433600
2016-10-10,26.538970947265625,26.6990502077917,26.234818607533,26.303423257158567,144944000
2016-10-11,26.59613609313965,27.142694539929387,26.573266137254414,26.91629453874083,256164000
2016-10-12,26.833965301513672,26.980325678859092,26.699041645871244,26.83625264585427,150347200
2016-10-13,26.75164794921875,26.856843138239455,26.46350354336801,26.708197117656685,140769600
2016-10-14,26.90028953552246,27.02377998282595,26.78594672261918,26.9574609419741,142608800
2016-10-17,26.88199806213379,26.948315363311753,26.70590913977948,26.83168694146113,94499600
2016-10-18,26.86370086669922,27.03292774205229,26.85912617711156,27.026067452403673,98214000
2016-10-19,26.783660888671875,26.930019548331323,26.024424687413664,26.813389391663282,80138400
2016-10-20,26.769941329956055,26.843120667344646,26.603001784381934,26.72420489836307,96503200
2016-10-21,26.664745330810547,26.73563906577721,26.591565995646846,26.71276910594301,92770800
2016-10-24,26.904865264892578,26.92544613453879,26.756219253426952,26.779087467944834,94154800
2016-10-25,27.042078018188477,27.06723357917939,26.82711294962361,26.97347162553453,192516000
2016-10-26,26.43377113342285,26.458926692300718,25.912368176196,26.141053806189035,264536800
2016-10-27,26.1799373626709,26.495522972347178,26.093035687812257,26.388040423800923,138248000
2016-10-28,26.006132125854492,26.346873252274538,25.944386023948137,26.040435321943242,151446800
2016-10-31,25.9649658203125,26.12275945834827,25.887211801304716,25.990121378397415,105677600
2016-11-01,25.496166229248047,26.017569305696814,25.276628183624002,25.94667730250362,175303200
2016-11-02,25.519031524658203,25.69283311180538,25.436706293623324,25.47558243642123,113326800
2016-11-03,25.245494842529297,25.620165575193028,25.181134398016813,25.50983388565465,107730400
2016-11-04,25.01793098449707,25.342034030192046,24.850134371624602,24.946675032758666,123348000
2016-11-07,25.378822326660156,25.40180795679765,25.160454456126065,25.302968168884384,130240000
2016-11-08,25.52822494506836,25.67993323177175,25.215615524307584,25.355830121282235,97016800
2016-11-09,25.48685073852539,25.587989598793193,24.83634892038631,25.256990967873747,236705600
2016-11-10,24.776578903198242,25.53511491087907,24.326054072006432,25.53511491087907,228538000
2016-11-11,24.92369270324707,25.02483155418706,24.49155700560564,24.62257699264575,136575600
2016-11-14,24.298471450805664,24.781176525179863,23.92380072835661,24.758190903293574,204702000
2016-11-15,24.620271682739258,24.7512916366715,24.40190567741561,24.496147238957615,129058000
2016-11-16,25.282272338867188,25.337439939184023,24.50304795972101,24.5260335830077,235362000
2016-11-17,25.273080825805664,25.365025083873647,25.01563900764434,25.240900598535497,110528000
2016-11-18,25.298364639282227,25.408698095771,25.206422138180844,25.220213162607894,113715600
2016-11-21,25.682233810424805,25.741996090147072,25.286874711014445,25.312159426931917,117058400
2016-11-22,25.698326110839844,25.840838063198525,25.6063818409268,25.732803677577536,103862000
2016-11-23,25.567302703857422,25.631663158149788,25.360428562424204,25.597183842295777,109705600
2016-11-25,25.69602394104004,25.71441314355612,25.50294082200296,25.5443156508187,45903600
2016-11-28,25.645456314086914,25.852330472710847,25.604081482362126,25.613276084266637,108776000
2016-11-29,25.62017059326172,25.75119059630726,25.300665642787664,25.463865874392397,114115200
2016-11-30,25.404102325439453,25.79026682920152,25.346637379961116,25.652351310791705,144649200
2016-12-01,25.167341232299805,25.500638891499555,25.06160596742316,25.369618916142567,148347600
2016-12-02,25.26158905029297,25.305261214042645,25.02023559054062,25.093790646724717,106112000
2016-12-05,25.079994201660156,25.29146472327701,24.88231470206903,25.284569212264145,137298000
2016-12-06,25.273080825805664,25.367324172590333,25.09838866453644,25.16964463153597,104782000
2016-12-07,25.521331787109375,25.558110194681575,25.091495109178005,25.114480737065133,119994800
2016-12-08,25.77187728881836,25.84313325425005,25.422489466585745,25.48225349606858,108273200
2016-12-09,26.192516326904297,26.364911129636067,25.815546498559403,25.815546498559403,137610400
2016-12-12,26.043113708496094,26.433874632014717,25.856926094665106,26.04081461966854,105497600
2016-12-13,26.4775447845459,26.645341417576397,26.146546188104477,26.167232723536717,174935200
2016-12-14,26.4775447845459,26.709701866064297,26.429274448179974,26.443065471801468,136127200
2016-12-15,26.622356414794922,26.83152963095171,26.486740002844183,26.521217562702347,186098000
2016-12-16,26.656837463378906,26.77866285931573,26.58328240807606,26.771767346895285,177404400
2016-12-19,26.810840606689453,26.98093632752822,26.60626557324657,26.617759262011504,111117600
2016-12-20,26.882091522216797,27.00851506014468,26.820030174127883,26.83382119510534,85700000
2016-12-21,26.90738296508789,26.98553619546714,26.84302251282898,26.847620690099358,95132800
2016-12-22,26.730390548706055,26.780959974316932,26.58098136040775,26.74418157253058,104343600
2016-12-23,26.78325843811035,26.78325843811035,26.569488791365973,26.569488791365973,56998000
2016-12-27,26.953359603881836,27.07748410155773,26.776366582612287,26.783262095756886,73187600
2016-12-28,26.83842658996582,27.128048630534312,26.709703929355662,27.013118748301817,83623600
2016-12-29,26.831527709960938,26.91887377816601,26.755673576322245,26.767165510888628,60158000
2016-12-30,26.622356414794922,26.939562241325184,26.532711251782224,26.813140429900198,122345200
2017-01-03,26.698219299316406,26.739594138389965,26.378714279572765,26.617768710476515,115127600
2017-01-04,26.668325424194336,26.780957955908196,26.60626406797066,26.629249690509408,84472400
2017-01-05,26.80394744873047,26.861412390220124,26.620058934487233,26.645343649037947,88774400
2017-01-06,27.10276222229004,27.160227156096582,26.77176364238335,26.84301959912247,127007600
2017-01-09,27.351011276245117,27.452150127850576,27.109659589946716,27.111956924799042,134247600
2017-01-10,27.378597259521484,27.44065862560375,27.192411407583823,27.30044402604622,97848400
2017-01-11,27.52570915222168,27.56708398351671,27.261370049708496,27.29355027919452,110354400
2017-01-12,27.410778045654297,27.422271735829046,27.17172367028493,27.330327475503765,108344800
2017-01-13,27.362504959106445,27.49582403552166,27.309636444772575,27.378595071522714,104447600
2017-01-17,27.583173751831055,27.63833960830125,27.17402362176945,27.201605673159065,137759200
2017-01-18,27.580873489379883,27.698102463870374,27.51651303395479,27.583172578128174,94852000
2017-01-19,27.532602310180664,27.60385827599191,27.43836071865845,27.44525623100266,102389200
2017-01-20,27.583173751831055,27.68660995192404,27.521112382513458,27.68660995192404,130391600
2017-01-23,27.601552963256836,27.769349560769957,27.530295264350553,27.583163766526805,88200800
2017-01-24,27.576274871826172,27.606156008413322,27.468240507232313,27.47973419636854,92844000
2017-01-25,28.015302658081055,28.06587207818311,27.64752744873502,27.67970766994714,129510400
2017-01-26,28.029096603393555,28.14402647071442,27.950943381696252,27.96703349297355,105350400
2017-01-27,28.031394958496094,28.123339206437908,27.950944399181004,28.075068870848856,82251600
2017-01-30,27.95784568786621,27.95784568786621,27.734883164176253,27.79694453598871,121510000
2017-01-31,27.89348030090332,27.90267490134263,27.725683665535442,27.847509052397502,196804000
2017-02-01,29.59444808959961,29.994405388574847,29.194492544315402,29.19908896851109,447940000
2017-02-02,29.54387092590332,29.741550434731863,29.371476127763817,29.417449126148693,134841600
2017-02-03,29.670291900634766,29.695576609126253,29.45882138751544,29.493298941194354,98029200
2017-02-06,29.948427200317383,29.996699294153608,29.62892226767109,29.6817925388683,107383600
2017-02-07,30.233448028564453,30.362168907763092,29.985199115518117,30.005885648093418,152735200
2017-02-08,30.35068702697754,30.39206361560457,30.1622038112254,30.192086708157017,92016400
2017-02-09,30.570003509521484,30.57692891958845,30.269889490459786,30.39224309842825,113399600
2017-02-10,30.500732421875,30.69003627370901,30.484574313048007,30.57922623896501,80262000
2017-02-13,30.77083969116211,30.893196790880747,30.64617881878719,30.722361832911705,92141600
2017-02-14,31.170230865478516,31.186388981084797,30.761614067524942,30.812402755297203,132904800
2017-02-15,31.283340454101562,31.458793521847717,31.077878458389428,31.285651271890703,142492400
2017-02-16,31.24641227722168,31.373380467480924,31.128673269585875,31.32028448668585,90338400
2017-02-17,31.331819534301758,31.357213870001722,31.18868974540441,31.18868974540441,88792800
2017-02-21,31.558061599731445,31.56960512147816,31.391844749825925,31.449558835971224,98028800
2017-02-22,31.6527156829834,31.65502297845318,31.421859322819444,31.495731526325887,83347600
2017-02-23,31.518827438354492,31.73814033769035,31.465731446904428,31.715056808733124,83152800
2017-02-24,31.548828125,31.548828125,31.230245250034194,31.37568587079479,87106400
2017-02-27,31.611160278320312,31.728899278590717,31.46110505053433,31.659641664770813,81029600
2017-02-28,31.624996185302734,31.728880784185147,31.558045906018915,31.645772400561913,93931600
2017-03-01,32.27140808105469,32.35451650915443,31.76583562625202,31.832782418776734,145658400
2017-03-02,32.079795837402344,32.38452434862909,32.03362175524529,32.319884860714694,104844000
2017-03-03,32.26909637451172,32.28063989511755,31.99437678799724,32.038240052746666,84432400
2017-03-06,32.16752624511719,32.26679631749007,31.99669478314653,32.17445165451661,87000000
2017-03-07,32.20907974243164,32.315271693433274,32.0405520664607,32.10288426884158,69785200
2017-03-08,32.089019775390625,32.27370548580954,32.047467339904514,32.077476258004396,74828800
2017-03-09,32.01515197753906,32.04054631301657,31.638858580574993,32.02900631537136,88623600
2017-03-10,32.12135696411133,32.17214565013795,32.00592877270334,32.14675130712464,78451200
2017-03-13,32.135189056396484,32.18828500717714,32.04746607740818,32.05439148304971,69686800
2017-03-14,32.08672332763672,32.23908583184447,32.052092763771405,32.15828822800166,61236400
2017-03-15,32.42607116699219,32.49301793108603,32.09594489019227,32.18367139442763,102767200
2017-03-16,32.47917175292969,32.55535475075194,32.379901717250725,32.48609715976922,76928000
2017-03-17,32.31757736206055,32.550740976098126,32.294490321127455,32.550740976098126,175540000
2017-03-20,32.65694046020508,32.66617316416422,32.37298461657809,32.412229772933976,86168000
2017-03-21,32.282955169677734,32.966291600943265,32.25756082710326,32.80700013593877,158119600
2017-03-22,32.64769744873047,32.68925341438111,32.26447514618463,32.28525489030374,103440800
2017-03-23,32.532264709472656,32.68463069105053,32.46069983034619,32.610754994799294,81385200
2017-03-24,32.46763229370117,32.72157565152801,32.40068551168565,32.666168867296385,89582400
2017-03-27,32.523033142089844,32.60152343015169,32.00129570624854,32.179056024283945,94300400
2017-03-28,33.1971435546875,33.25254682376394,32.46301853612975,32.52996884971488,133499200
2017-03-29,33.271018981933594,33.35643823436015,33.05632424825825,33.16944161532169,116760000
2017-03-30,33.22715377807617,33.358743592432035,33.12788723539098,33.28717868536346,84829200
2017-03-31,33.16482162475586,33.30564412870682,33.01476289484099,33.17867244111365,78646800
2017-04-03,33.17405319213867,33.27101242591104,33.02399798995029,33.17636400984456,79942800
2017-04-04,33.42107391357422,33.44877554763126,33.05170235406852,33.07017128430263,79565600
2017-04-05,33.2479248046875,33.58035843522584,33.19944343248918,33.29409535946504,110871600
2017-04-06,33.16482162475586,33.36335821192298,33.11634024491553,33.31025871910069,84596000
2017-04-07,33.0909423828125,33.28486083634301,33.07478427297881,33.1809762021365,66688800
2017-04-10,33.051700592041016,33.21561013751287,32.989368396147434,33.15097064643362,75733600
2017-04-11,32.69620132446289,33.09327471464574,32.33375499399774,32.99862272129738,121517600
2017-04-12,32.73542785644531,32.816225457301364,32.55304938555892,32.68925729558643,81400000
2017-04-13,32.56229019165039,32.869329572304196,32.56229019165039,32.7608268015999,71291600
2017-04-17,32.74235534667969,32.75389886827551,32.52073170883979,32.66155421809713,66328400
2017-04-18,32.59690856933594,32.79082701421264,32.57613234793934,32.64538994184889,58790000
2017-04-19,32.476871490478516,32.78160358080456,32.423775513256935,32.75390194444348,69313600
2017-04-20,32.883182525634766,32.9939925989966,32.5876866482774,32.60153746712404,93278400
2017-04-21,32.84394073486328,32.93858918089021,32.74698147039898,32.883185899818656,69283600
2017-04-24,33.16020202636719,33.23176692273539,33.054006568067706,33.12788228211742,68537200
2017-04-25,33.36566162109375,33.4510773270773,33.21329561372768,33.22253183861588,75486000
2017-04-26,33.169429779052734,33.38182066395403,33.10017571070166,33.35180821927697,80164800
2017-04-27,33.19483184814453,33.280251089997954,33.08402179036965,33.224844299816404,56985200
2017-04-28,33.162506103515625,33.31256481214759,33.074783104828754,33.264083439183395,83441600
2017-05-01,33.838924407958984,33.98205421858617,33.46493824595202,33.49725799424165,134411600
2017-05-02,34.05360794067383,34.18750500321283,33.89893465875478,34.06053334713385,181408800
2017-05-03,33.949729919433594,34.04899996896599,33.305642335360965,33.610370846588346,182788000
2017-05-04,33.82737731933594,33.96819981973374,33.66116048206023,33.82507002419722,93487600
2017-05-05,34.38837432861328,34.392988920810026,33.88048737981479,33.88048737981479,109310800
2017-05-08,35.32332229614258,35.48261371172281,34.40451517982148,34.40451517982148,195009600
2017-05-09,35.54956817626953,35.755030172831056,35.42490378313578,35.52186302080197,156521600
2017-05-10,35.38103103637695,35.53801513333868,35.1155477321782,35.46645025251574,103222800
2017-05-11,35.68703079223633,35.71485030550532,35.30686379075656,35.33931694196356,109020400
2017-05-12,36.1854248046875,36.259601924283665,35.853935742783264,35.86088973721014,130108000
2017-05-15,36.09269332885742,36.31291137117154,35.942018757044565,36.16455361809518,104038800
2017-05-16,36.03937530517578,36.17614187932493,35.865518411455746,36.148325908210545,80194000
2017-05-17,34.82933807373047,35.8307556815588,34.70416264131606,35.60590043731387,203070800
2017-05-18,35.360172271728516,35.54562033107779,35.033324002179796,35.06577714728135,134272800
2017-05-19,35.480709075927734,35.69397307634194,35.38103283603799,35.554889704138084,107843200
2017-05-22,35.69629669189453,35.833063258380626,35.44594235450977,35.69861351031507,91865600
2017-05-23,35.65227127075195,35.90725938007167,35.538683439673925,35.90725938007167,79675600
2017-05-24,35.54563522338867,35.73803735607429,35.3903234255379,35.6615398669008,76712000
2017-05-25,35.66847610473633,35.77974705384383,35.47375724948908,35.63602296219512,76942400
2017-05-26,35.608211517333984,35.75425244588684,35.538668049588445,35.69861696426487,87710400
2017-05-30,35.62211990356445,35.79829362498792,35.5433056232272,35.56416760264687,80507600
2017-05-31,35.411170959472656,35.73802276968402,35.32308587160289,35.69166163862716,97804800
2017-06-01,35.508541107177734,35.54331461880568,35.28600619612489,35.50622428792066,65616400
2017-06-02,36.03474426269531,36.03474426269531,35.44131319709185,35.60126213247194,111082800
2017-06-05,35.68238067626953,35.80292242437654,35.573433630187075,35.7774232764525,101326800
2017-06-06,35.80292892456055,36.11818956652802,35.647617190689985,35.6754331617929,106499600
2017-06-07,36.01618957519531,36.157593310239754,35.80987955558561,35.93505848805235,84278400
2017-06-08,35.92810821533203,36.05560044220187,35.79133810279246,35.98837733234555,85003200
2017-06-09,34.53493118286133,35.97446776937545,33.84877798018618,35.97446776937545,259530800
2017-06-12,33.70969772338867,33.86500948267044,33.035132016753906,33.78387837463687,289229200
2017-06-13,33.98091506958008,34.18027115410295,33.647109203669395,34.11304803197316,136661600
2017-06-14,33.6494255065918,34.19185820479447,33.34343565398856,34.19185820479447,126124800
2017-06-15,33.44775390625,33.49179822808416,32.96559379650848,33.22290219610901,128661600
2017-06-16,32.979496002197266,33.49642952980472,32.963267660313086,33.32952662218773,201444400
2017-06-19,33.92295455932617,34.01568035362184,33.30170765461845,33.30170765461845,130165600
2017-06-20,33.61465835571289,34.04582370587389,33.59843354738136,34.04582370587389,99600400
2017-06-21,33.81401443481445,33.86037911488633,33.52193605085544,33.73288331894563,85063200
2017-06-22,33.75838851928711,34.006422623841296,33.64016351592703,33.79084167886791,76425200
2017-06-23,33.9090461730957,34.11303938100419,33.637829860105015,33.64246703404675,141757600
2017-06-26,33.802406311035156,34.372654744100586,33.70040973611254,34.11534648904629,102769600
2017-06-27,33.31794357299805,33.88124190774111,33.292444413200975,33.61465913947565,99047600
2017-06-28,33.804744720458984,33.86965103011628,33.1858144223585,33.494121161794965,88329600
2017-06-29,33.306339263916016,33.64246538422548,32.98180784645597,33.54510595898746,125997600
2017-06-30,33.385162353515625,33.60306356993053,33.329526871517864,33.48483861282625,92096400
2017-07-03,33.264625549316406,33.681882883841496,33.171903269256724,33.58452342864035,57111200
2017-07-05,33.401390075683594,33.563655824273084,33.08381257222072,33.30866780138332,86278400
2017-07-06,33.086124420166016,33.26461848536121,33.0119473192959,33.153351065492295,96515200
2017-07-07,33.42225646972656,33.55438944203502,33.12554090823532,33.12554090823532,76806800
2017-07-10,33.626243591308594,33.83255364767231,33.23448545866642,33.406025548221365,84362400
2017-07-11,33.73518753051758,33.80936816120686,33.468608405373175,33.54973949092153,79127200
2017-07-12,33.78388214111328,33.885875242258294,33.570618050690655,33.81401493905517,99538000
2017-07-13,34.25444793701172,34.42135085110845,33.714332053494225,33.72824004014765,100797600
2017-07-14,34.5488395690918,34.61606621390877,34.15244784131849,34.300805579062285,80528400
2017-07-17,34.66938781738281,34.98001133617501,34.43989894381205,34.49785125121931,95174000
2017-07-18,34.78993606567383,34.801527236732724,34.46308414230851,34.58594277384944,71475200
2017-07-19,35.00782775878906,35.10055002760471,34.759790207159064,34.882648805047324,83692000
2017-07-20,34.85019302368164,35.17472801426754,34.81542305978523,35.119092534905725,68974800
2017-07-21,34.83396911621094,34.87337625535041,34.511754473009255,34.76906282384856,105010400
2017-07-24,35.255863189697266,35.33699783101642,34.74820043528581,34.90583254315868,85972800
2017-07-25,35.40654373168945,35.661531767224204,35.18864248543714,35.18864248543714,75415600
2017-07-26,35.57344055175781,35.68238761903824,35.48071475166183,35.54794139887237,63124000
2017-07-27,34.90119934082031,35.69630689001143,34.145502475929085,35.640671397877796,129905200
2017-07-28,34.65547180175781,34.82469150979215,34.58361152315942,34.745877238886,68854800
2017-07-31,34.476985931396484,34.847882115795706,34.3379025150929,34.74820230717305,79383600
2017-08-01,34.78297424316406,34.82238138619338,34.402807263032315,34.56275619111648,141474400
2017-08-02,36.42649841308594,37.03152058096427,36.19932638207736,36.92256997140216,279747200
2017-08-03,36.062564849853516,36.44273185865014,35.93506906154069,36.405641531663086,108389200
2017-08-04,36.25263977050781,36.48676578348444,36.09037404185433,36.17846266760662,82239600
2017-08-07,36.813621520996094,36.83912067658337,36.31754993358477,36.40795538755274,87481200
2017-08-08,37.1080207824707,37.5136869220667,36.68844665545762,36.76494412337966,144823600
2017-08-09,37.33518981933594,37.38387130849785,36.883162579094225,36.917932544832915,104526000
2017-08-10,36.145992279052734,37.23511776931683,35.98541526550975,37.21184440030399,163217200
2017-08-11,36.64866638183594,36.90233333918181,36.32053458098837,36.44387563364396,105028400
2017-08-14,37.20022201538086,37.28400119660953,36.94422908634365,37.07688093621345,88490800
2017-08-15,37.60747528076172,37.747104860028465,37.267703224278414,37.388718367124,117862000
2017-08-16,37.456207275390625,37.81924917046181,37.270030943015655,37.68660088619419,110686400
2017-08-17,36.73710632324219,37.400358425370186,36.73245093820814,37.35614114509254,111762400
2017-08-18,36.653324127197266,37.11876316373311,36.47180318702973,36.737103295814435,109712400
2017-08-21,36.5858268737793,36.74407439778616,36.0971146006672,36.65331395289586,105474000
2017-08-22,37.18392562866211,37.235124208530294,36.77434054073482,36.82320965268834,86418400
2017-08-23,37.230464935302734,37.344498769648,36.97447561371597,37.018692887258375,77596400
2017-08-24,37.065242767333984,37.40734078109702,36.897684411571745,37.33519473960121,79275600
2017-08-25,37.20254898071289,37.36545196240876,37.065245292642,37.15367631069479,101920400
2017-08-28,37.577232360839844,37.70057345906265,37.218842204818785,37.26771488101043,103864000
2017-08-29,37.91234588623047,37.961215007212054,37.23513108733505,37.258404464672154,118067600
2017-08-30,38.014732360839844,38.1403993304265,37.84251864968543,38.11945542733169,109078400
2017-08-31,38.165985107421875,38.287000200827606,38.044970014016144,38.082205973681994,107140400
2017-09-01,38.17762756347656,38.384747737799266,38.079885817831624,38.35216715591762,66364400
2017-09-05,37.71919250488281,38.224193601532654,37.36545772506118,38.10783380365889,117874000
2017-09-06,37.67961883544922,37.93095634650661,37.35613884039739,37.86579516412337,86606800
2017-09-07,37.528343200683594,37.75641085470924,37.318897082760316,37.721500801043646,87714000
2017-09-08,36.91630935668945,37.50276016133322,36.89303597749699,37.435273043305635,114446000
2017-09-11,37.58420181274414,37.71219825667535,37.20952325015532,37.35148229687576,126323200
2017-09-12,37.43526077270508,38.15669267896989,36.9488778457744,37.84251991794729,286856000
2017-09-13,37.153663635253906,37.225809657051606,36.748734011902265,37.204862205036804,179629600
2017-09-14,36.834842681884766,37.09548738913932,36.79062540811455,37.00007509160223,95042800
2017-09-15,37.20719528198242,37.46085868804917,36.76968147994597,36.879059930455085,196458400
2017-09-18,36.92560958862305,37.35148677989925,36.769687920399264,37.260726299857986,113077600
2017-09-19,36.939571380615234,37.18160168941418,36.872084276845705,37.12109233670527,83242400
2017-09-20,36.32053756713867,36.83019033836307,35.79924455857201,36.74641116825446,211805600
2017-09-21,35.696834564208984,36.25768926378376,35.547894265464734,36.25768926378376,150046800
2017-09-22,35.347782135009766,35.43621672492268,35.03826462133408,35.26632884945634,186581600
2017-09-25,35.035926818847656,35.333807540538785,34.712446806182214,34.90560444698507,177549200
2017-09-26,35.63867950439453,35.82020050883473,35.30123679362848,35.322180705444055,146640000
2017-09-27,35.892337799072266,36.006371665189434,35.73176072979134,35.79227008982112,102016800
2017-09-28,35.67124557495117,35.90396508081647,35.53626783542716,35.81320461556972,88022000
2017-09-29,35.866729736328125,35.869059204079036,35.373365511571414,35.654957681052196,105199200
2017-10-02,35.794586181640625,35.94352652149234,35.54092277566186,35.899309247767675,74795200
2017-10-03,35.95051193237305,36.09247098744628,35.81786364705247,35.8411334693977,64921200
2017-10-04,35.71778869628906,35.80622324467119,35.48041735750207,35.75269875271151,80655200
2017-10-05,36.162296295166016,36.17393298465975,35.85045290244079,35.880704033901615,85135200
2017-10-06,36.141353607177734,36.18557089813813,35.96913982949492,36.06455571514429,69630400
2017-10-09,36.267005920410156,36.474126132756396,36.185556226261895,36.260024619512244,65051600
2017-10-10,36.28097152709961,36.769683936536744,36.0947987530455,36.31820750231765,62468000
2017-10-11,36.43223571777344,36.532303390821,36.246059421456515,36.29725799171911,67622400
2017-10-12,36.30425262451172,36.623077296490706,36.24141734683788,36.38570589375628,64500400
2017-10-13,36.534637451171875,36.602124547174284,36.39965970814911,36.47412810542701,65576800
2017-10-16,37.20719528198242,37.23512048602124,36.688228233475684,36.74640810923509,96486000
2017-10-17,37.34450149536133,37.437587882547504,37.05592801345531,37.183924459099835,75989200
2017-10-18,37.17926788330078,37.40035426006646,37.14203546022998,37.33286361315338,65496800
2017-10-19,36.299591064453125,36.55558396623373,36.07618230564295,36.47878609569955,170336800
2017-10-20,36.362430572509766,36.71150990600586,36.29494346381537,36.446209754589574,95896400
2017-10-23,36.34381103515625,36.69754573899603,36.187889365619526,36.51136939218465,87937200
2017-10-24,36.56024932861328,36.63471775153351,36.350799565173105,36.37174347621137,71028800
2017-10-25,36.3996696472168,36.66496982118057,36.134369473253024,36.51602943493808,84828400
2017-10-26,36.632389068603516,36.730130863756074,36.485774600365225,36.59049769867019,68002000
2017-10-27,37.944908142089844,38.072904553535444,36.93257708458576,37.069880711855994,177816800
2017-10-30,38.79900360107422,39.113176413503815,38.10084495213601,38.14040684945362,178803200
2017-10-31,39.33890914916992,39.480868209419874,38.850200249880324,39.07360901783604,144187200
2017-11-01,38.83856201171875,39.54835728462217,38.54068129899505,39.53206521312065,134551200
2017-11-02,39.12248611450195,39.213246602579936,38.463889321107885,38.771080850614126,165573600
2017-11-03,40.14411544799805,40.5537005069561,39.82296138808833,40.49319471276325,237594400
2017-11-06,40.55138397216797,40.723597727661854,39.962603760125596,40.11387005611356,140105200
2017-11-07,40.681697845458984,40.78409500021298,40.40010922090348,40.47225170238434,97446000
2017-11-08,41.014488220214844,41.014488220214844,40.569993098457765,40.64679096381511,97638000
2017-11-09,40.93071365356445,40.981912236223316,40.293060838370266,40.75151861425842,117930400
2017-11-10,40.79524612426758,40.96107253375823,40.70182510390722,40.898011384934065,100582000
2017-11-13,40.63175964355469,40.755544105592186,40.49863094073115,40.52198797891258,67928400
2017-11-14,40.01750564575195,40.51731561124466,39.980135810403205,40.41455034592742,99130000
2017-11-15,39.48966598510742,39.77927683331214,39.32617742716253,39.697530772448054,116632400
2017-11-16,39.961456298828125,40.1412919576405,39.774610677253996,39.98013765358011,94550000
2017-11-17,39.73957443237305,40.02918531900126,39.620462088020936,39.94743924729169,87598000
2017-11-20,39.69985580444336,39.83531873912946,39.6017626925222,39.77225760868642,65049600
2017-11-21,40.43790054321289,40.568691381024394,39.88670803830507,39.88670803830507,100525200
2017-11-22,40.86297607421875,40.87231674998271,40.41688307609669,40.489284895562776,102355600
2017-11-24,40.86530685424805,40.98909128927828,40.790567199401096,40.89567028450248,56106800
2017-11-27,40.65978240966797,40.891004241956935,40.48461532684453,40.88399784374668,82867200
2017-11-28,40.42156219482422,40.84196038887473,40.13895770201275,40.70883524443442,105715200
2017-11-29,39.58308792114258,40.386521497492396,39.041239607375275,40.31879179469024,166665600
2017-11-30,40.136619567871094,40.20434927278445,39.34019236478628,39.80496675026274,166108800
2017-12-01,39.949771881103516,40.094575523647414,39.35420310942091,39.69285874389665,159037200
2017-12-04,39.65782928466797,40.31645567986797,39.61812517252679,40.283757966117385,130169600
2017-12-05,39.620452880859375,40.059539447372316,39.3308420615321,39.48498992813128,109400800
2017-12-06,39.47331619262695,39.751248528976014,38.877750973345655,39.12064775552423,114240000
2017-12-07,39.545719146728516,39.80730082895225,39.44996029384907,39.477985884435,102693200
2017-12-08,39.55739212036133,39.938089671086914,39.42893912741636,39.818977353275365,93420800
2017-12-11,40.3281364440918,40.379519077673,39.42193752142367,39.517696389805344,141095200
2017-12-12,40.101585388183594,40.26273968238227,40.04553419979003,40.206684930205114,77636800
2017-12-13,40.23471450805664,40.53132821982413,40.171653356672216,40.288431418755565,95273600
2017-12-14,40.22303771972656,40.43557465717094,40.08990901260741,40.26507611326917,81906000
2017-12-15,40.63175964355469,40.678470156133876,40.2790911752306,40.552351415791705,160677200
2017-12-18,41.20396041870117,41.3861338636754,40.839613528752714,40.844285647895894,117684400
2017-12-19,40.764888763427734,40.963412916005446,40.659789208915306,40.879332559638705,109745600
2017-12-20,40.720516204833984,40.970419432330885,40.463603014151154,40.841962836989474,93902400
2017-12-21,40.874664306640625,41.110558320766415,40.66213089897172,40.67847797781501,83799600
2017-12-22,40.874664306640625,40.97042319229992,40.75555194209315,40.79759034236248,65397600
2017-12-26,39.83767318725586,40.04787229131358,39.62980479789167,39.89139010250902,132742000
2017-12-27,39.84467697143555,39.8867153639745,39.636812159497616,39.72789890711573,85992800
2017-12-28,39.956787109375,40.13662634516373,39.8166519919685,39.93810218946852,65920800
2017-12-29,39.52470779418945,39.84234431301682,39.52237351556149,39.82599723505273,103999600
2018-01-02,40.232383728027344,40.24172797035305,39.53171523253815,39.74191791945546,102223600
2018-01-03,40.225372314453125,40.767224260711025,40.16231472364331,40.29543986802562,118071600
2018-01-04,40.41222381591797,40.51498910093852,40.19034616714233,40.29778000963884,89738400
2018-01-05,40.87232208251953,40.95873670879751,40.4168883492139,40.507975095875025,94640000
2018-01-08,40.720516204833984,41.014795671065556,40.622419485639426,40.720516204833984,82271200
2018-01-09,40.715843200683594,40.88633818873765,40.50097197485756,40.76722583770547,86336000
2018-01-10,40.70648956298828,40.70882740472124,40.40520377343591,40.44257360333201,95839600
2018-01-11,40.937713623046875,40.986761972950376,40.75320586895592,40.77655934108537,74670800
2018-01-12,41.360450744628906,41.423511892310295,41.024129375372745,41.14791382880961,101672400
2018-01-16,41.15025329589844,41.897632166104536,41.13857477715793,41.54963226482539,118263600
2018-01-17,41.82990646362305,41.86493845941443,40.88867549633279,41.14091299359858,137547200
2018-01-18,41.867279052734375,42.063468950109275,41.63138859666378,41.8929703747844,124773600
2018-01-19,41.680416107177734,41.94199775441609,41.43518153100044,41.71544809072478,129700400
2018-01-22,41.339439392089844,41.52161290769802,41.24601835570046,41.40950695127393,108434400
2018-01-23,41.34877395629883,41.909310783105305,41.297394888530555,41.40950082837842,130756400
2018-01-24,40.69015121459961,41.40950455731997,40.45192295265972,41.39782603750043,204420400
2018-01-25,39.96379852294922,40.860653408279866,39.828335509469404,40.757888117792795,166116000
2018-01-26,40.05721664428711,40.171660448294,39.71856091721823,40.171660448294,156572000
2018-01-29,39.22808837890625,39.74191114188095,39.0202235699117,39.74191114188095,202561600
2018-01-30,38.99686813354492,39.09028916200144,38.4666947094055,38.66054672904738,184192800
2018-01-31,39.10430145263672,39.34019542667271,38.887095960590166,38.97351058898067,129915600
2018-02-01,39.18604278564453,39.38222905740429,38.947814562060074,39.043573419865425,188923200
2018-02-02,37.485755920410156,38.95716013658482,37.392334901262075,38.77031453450521,346375200
2018-02-05,36.54920196533203,38.27518171314244,36.43475817272473,37.158783638850124,290954000
2018-02-06,38.07665252685547,38.237806813801605,35.96764112765475,36.16149312762015,272975200
2018-02-07,37.261539459228516,38.16306616794101,37.151771368454334,38.09066434552719,206434400
2018-02-08,36.236228942871094,37.60253360818496,36.20820335015767,37.436707202469265,217562000
2018-02-09,36.67946243286133,37.026533888766004,35.232545926564505,36.834238847176806,282690400
2018-02-12,38.156856536865234,38.433574681948436,36.937410211584435,37.1695747743934,243278000
2018-02-13,38.539100646972656,38.63524992743858,37.90827262494443,37.9786258442686,130196800
2018-02-14,39.249664306640625,39.28953029970094,38.19672402713639,38.23424264640194,162579600
2018-02-15,40.567596435546875,40.59104512106228,39.63190693047491,39.81716693279276,204588800
2018-02-16,40.43628692626953,40.99676550996885,40.281514081763,40.419873196869226,160704400
2018-02-20,40.300262451171875,40.86542487019202,40.19942199726563,40.34716340675717,135722000
2018-02-21,40.117347717285156,40.83259536786897,40.10327420960197,40.53008115148343,149886400
2018-02-22,40.45269012451172,40.792726514243476,40.26743010361679,40.288534996190876,123967600
2018-02-23,41.15622329711914,41.1913981250218,40.69658526874438,40.7270725051361,135249600
2018-02-26,41.96996307373047,42.06845615928356,41.32272126367563,41.35555229219334,152648800
2018-02-27,41.83395004272461,42.32407170138227,41.78001411689453,42.00045256808782,155712400
2018-02-28,41.770633697509766,42.3569046783453,41.7542199707697,42.03797312163821,151128400
2018-03-01,41.038963317871094,42.15991300108843,40.490214610015975,41.869121344243176,195208000
2018-03-02,41.322723388671875,41.34382828416562,40.4409695860293,40.523048950701295,153816000
2018-03-05,41.46577072143555,41.68151798734125,40.92640076751445,41.08821211152215,113605600
2018-03-06,41.43058776855469,41.8011113730967,41.30395484011507,41.72137939673423,95154000
2018-03-07,41.04600143432617,41.23830002337251,40.86777635385295,41.02489653893735,126814000
2018-03-08,41.4939079284668,41.53611771378168,41.055378460010644,41.151524163776784,95096400
2018-03-09,42.206825256347656,42.2115164267676,41.59944929544689,41.73312081505599,128740800
2018-03-12,42.614864349365234,42.77198453917445,42.260757973375576,42.27951549540932,128828400
2018-03-13,42.204471588134766,43.03228584704719,42.03328148015338,42.8188823717897,126774000
2018-03-14,41.845664978027344,42.33344271051521,41.69792359212734,42.28654176241912,117473600
2018-03-15,41.894920349121094,42.267791390111284,41.75890863863255,41.859745523704035,90975200
2018-03-16,41.7471809387207,42.00513799817259,41.65337544393605,41.894918778246705,157618800
2018-03-19,41.10932159423828,41.61820437252176,40.72472797672701,41.58302954525192,133787200
2018-03-20,41.09524917602539,41.46108167074591,41.02489594742979,41.09524917602539,78597600
2018-03-21,40.164241790771484,41.06006173079245,40.161894417403104,41.048335598889736,148219600
2018-03-22,39.59675216674805,40.49491635758024,39.53812505579835,39.86643544579068,165963200
2018-03-23,38.67982482910156,39.84767592367951,38.67982482910156,39.48887827668077,164115200
2018-03-26,40.51600646972656,40.593394650495185,39.03156826403004,39.41381799919569,150164800
2018-03-27,39.47714614868164,41.07414789954992,39.144144625182754,40.7294202395115,163690400
2018-03-28,39.040958404541016,39.87112016511795,38.73844413544846,39.22153087897611,166674000
2018-03-29,39.34580993652344,40.27680835477367,39.13944144734554,39.35284490062601,153594000
2018-04-02,39.087852478027344,39.61784367192837,38.569590996327946,39.078473717905176,150347200
2018-04-03,39.488861083984375,39.57328423348167,38.6657380601208,39.31297982072446,121112000
2018-04-04,40.24398422241211,40.3377861453882,38.63994772264869,38.665743788214215,138422000
2018-04-05,40.52305221557617,40.85839750981913,40.35420588139473,40.47146008133661,107732800
2018-04-06,39.48652267456055,40.4480048978712,39.44430930489733,40.09389852773458,140021200
2018-04-09,39.878150939941406,40.59105484435307,39.83124997936275,39.838284944533854,116070800
2018-04-10,40.628570556640625,40.80445181446158,40.22521591910616,40.5699434707003,113634400
2018-04-11,40.43862533569336,40.785696733727676,40.26508784751927,40.389377001781156,89726400
2018-04-12,40.83728790283203,41.03896524660504,40.579327261385,40.66609779258834,91557200
2018-04-13,40.975650787353516,41.23595524849731,40.76928583335497,40.98737692274658,100497200
2018-04-16,41.23126220703125,41.318029156505595,40.99909763886708,41.04599859592581,86313600
2018-04-17,41.79877471923828,41.962929868710894,41.369623956700956,41.388385056399805,106421600
2018-04-18,41.7049560546875,41.934776769709735,41.47983008600023,41.69792109181057,83018000
2018-04-19,40.52305221557617,41.1304281124797,40.490221182725016,40.74817827560862,139235200
2018-04-20,38.86272048950195,40.15251629639191,38.79471107037423,40.00712227776633,261964400
2018-04-23,38.75016403198242,39.14413637278911,38.48047726168653,39.123031478455985,146062000
2018-04-24,38.21080780029297,39.00579131066543,37.8074529759662,38.85101487331132,134768000
2018-04-25,38.37727737426758,38.79235801863863,38.086489406404326,38.13573413978853,113528400
2018-04-26,38.51097106933594,38.86507747741873,38.3116374910999,38.487518797197225,111852000
2018-04-27,38.065406799316406,38.53676741485826,37.66908701419298,38.459379210220455,142623200
2018-04-30,38.75484085083008,39.22385745665149,37.952822884273004,38.020832295972234,169709600
2018-05-01,39.655364990234375,39.67881367917698,38.75719754468878,39.02453693116686,214277600
2018-05-02,41.407135009765625,41.683853104628085,40.75754597352116,41.09289114729308,266157600
2018-05-03,41.4821891784668,41.62523944023905,40.9076443356587,41.24533699153512,136272800
2018-05-04,43.10966873168945,43.20816180545762,41.78235066356514,41.80111176023241,224805200
2018-05-07,43.42157745361328,44.01019226637602,43.32542814804816,43.426265045362086,169805600
2018-05-08,43.630287170410156,43.67015316776499,43.07215605081431,43.381708846718794,113611200
2018-05-09,43.93748474121094,43.946863500783344,43.43563701372067,43.74753354962685,92844800
2018-05-10,44.56597900390625,44.64336721267077,44.00550401768559,44.02661249521376,111957200
2018-05-11,44.39647674560547,44.74253367480774,44.12810643235804,44.60835031424025,104848800
2018-05-14,44.29289245605469,44.61776309036825,44.22462436223415,44.49534749608727,83115200
2018-05-15,43.89033126831055,44.03864237453886,43.57487920653091,43.97037070032419,94780800
2018-05-16,44.29995346069336,44.36587231146577,43.78675557653705,43.80323618725819,76732400
2018-05-17,44.019805908203125,44.471797695241,43.87149481216628,44.2575713547681,69176000
2018-05-18,43.859737396240234,44.21285642880138,43.81736483654692,44.06690171148546,73190800
2018-05-21,44.17047882080078,44.556555441924544,44.00098141717452,44.25758035606822,73603200
2018-05-22,44.059837341308594,44.46474743175638,43.97037937487337,44.347041093652074,60962800
2018-05-23,44.34232711791992,44.375284745399135,43.730252788035145,43.869148982230094,80233600
2018-05-24,44.29289245605469,44.455327773211465,43.83619489329493,44.4388507541978,92936000
2018-05-25,44.39411544799805,44.64600510130118,44.17517982802782,44.311719588330504,69844000
2018-05-29,44.234031677246094,44.43413384930617,43.99155695605987,44.16341076203586,90056400
2018-05-30,44.13987350463867,44.25757983398438,43.970376103011894,44.19166457691975,74762000
2018-05-31,43.991554260253906,44.31171556066353,43.81970405692057,44.073950112432165,109931200
2018-06-01,44.78490447998047,44.789610146728236,44.19872567980173,44.25522600978311,93770000
2018-06-04,45.159217834472656,45.53352315842326,45.046220746360014,45.114488847564225,105064800
2018-06-05,45.507625579833984,45.65593672091612,45.28398424742185,45.45112883436461,86264000
2018-06-06,45.665340423583984,45.68888312315127,45.18039098623548,45.582948159321724,83734400
2018-06-07,45.542938232421875,45.71714131505994,45.27927359062222,45.70301712912846,85388800
2018-06-08,45.128597259521484,45.19922176194681,44.67425263998206,45.003828861818356,106627200
2018-06-11,45.01795196533203,45.19215858819263,44.77783369179471,45.04620392089214,73234000
2018-06-12,45.26513671875,45.34282331171318,44.999119317886205,45.055619637889805,67644400
2018-06-13,44.8931999206543,45.40640146025285,44.83199391352035,45.298110040740724,86553600
2018-06-14,44.916744232177734,45.098013018396934,44.78020443404885,45.09330375856828,86440400
2018-06-15,44.45531463623047,44.76606099324307,44.31877489682595,44.73545620568878,246876800
2018-06-18,44.43179702758789,44.54479412475549,44.069259435677104,44.229341949434755,73939600
2018-06-19,43.713768005371094,43.86443193167213,43.1864424672618,43.584290351805045,134314000
2018-06-20,43.90446472167969,44.06925287888817,43.72319595269414,43.86915425660373,82514800
2018-06-21,43.65962219238281,44.339964459828835,43.53720663510799,44.08100916407657,102847600
2018-06-22,43.53252029418945,43.82207693760852,43.48072920777459,43.815014843289504,108801600
2018-06-25,42.8851203918457,43.532505154775784,42.546125613973516,43.174676934564935,126652400
2018-06-26,43.417152404785156,43.91152039626255,42.97222264930026,43.078161213268196,98276800
2018-06-27,43.35359191894531,44.08807819397724,43.32298712678173,43.60548157163157,101141200
2018-06-28,43.66904067993164,43.83618521939736,43.26883994737882,43.33946445126731,69460800
2018-06-29,43.577239990234375,44.06689878053816,43.05933282868056,43.855025219825926,90950800
2018-07-02,44.06453323364258,44.092785191156864,43.17938306061224,43.273550265473915,70925200
2018-07-03,43.297088623046875,44.2458011939208,43.20763067800487,44.20813431262822,55819200
2018-07-05,43.64550018310547,43.88326923845472,43.38183918687277,43.61254255857638,66416800
2018-07-06,44.25052261352539,44.35881043686303,43.598428471363974,43.65021954934719,69940800
2018-07-09,44.86495590209961,44.88849501846108,44.5636279126141,44.61070973745003,79026400
2018-07-10,44.81079864501953,45.02973068179138,44.770775334103476,44.89554734134358,63756400
2018-07-11,44.22932815551758,44.67661073672415,44.16576573663476,44.375282843511165,75326000
2018-07-12,44.97087860107422,45.06033655826407,44.5659685524734,44.617759623255736,72164400
2018-07-13,45.041507720947266,45.16156689252232,44.94027840238948,44.982654551959264,50055600
2018-07-16,44.942630767822266,45.352246488020654,44.82727727386679,45.08623263086396,60172400
2018-07-17,45.069740295410156,45.168613153601065,44.54006196017316,44.669539604986646,62138000
2018-07-18,44.82256317138672,45.15214300759659,44.711918948272675,45.147433749220426,65573600
2018-07-19,45.17097091674805,45.32869692797151,44.65541674710549,44.65541674710549,81147200
2018-07-20,45.06740188598633,45.30045812912671,44.76842679084426,45.147441331264595,82704800
2018-07-23,45.107421875,45.189817746404486,44.62482518272859,44.88848622384331,63957600
2018-07-24,45.43463897705078,45.59001217970089,45.21099769014568,45.30516130817569,74791600
2018-07-25,45.86309814453125,45.870160237270106,45.30045841417882,45.448769545919404,66839600
2018-07-26,45.7194938659668,46.131466017243845,45.578244834398404,45.813657492271,76304000
2018-07-27,44.9591064453125,45.95019527251233,44.751945758003224,45.903113461401674,96096000
2018-07-30,44.70722579956055,45.24631929094277,44.50947999773488,45.17569476397284,84118000
2018-07-31,44.796669006347656,45.23218382059381,44.57302772015845,44.799025431663516,157492000
2018-08-01,47.435646057128906,47.49685204920368,46.449266539565365,46.877719260424044,271742800
2018-08-02,48.822242736816406,49.05530261742919,47.16493880657545,47.219082725141384,249616000
2018-08-03,48.963478088378906,49.140037574875436,48.37259004128553,48.73748036513408,133789600
2018-08-06,49.21772384643555,49.26009639869382,48.74689855230227,48.965830589860516,101701600
2018-08-07,48.756309509277344,49.318945546288,48.67391365266562,49.27657299747852,102349600
2018-08-08,48.78927993774414,48.92111046923115,48.14660430068866,48.5067854285416,90102000
2018-08-09,49.172996520996094,49.384866473630254,48.77750139273708,49.32601330988609,93970400
2018-08-10,49.02652359008789,49.39741937175886,48.82335855149639,48.986363520271034,98444800
2018-08-13,49.34309005737305,49.83446612894163,49.06669169299889,49.44703548083893,103563600
2018-08-14,49.550968170166016,49.742320557502325,49.19897191383636,49.647826708477496,82992000
2018-08-15,49.66673278808594,49.78485191739147,49.21551684900846,49.42576875498392,115230400
2018-08-16,50.394351959228516,50.51010641019358,49.95730969640134,50.023456126869974,114001600
2018-08-17,51.400718688964844,51.488125687654055,50.356546060158145,50.42269248155154,141708000
2018-08-20,50.899898529052734,51.77870156484017,50.817213693824115,51.52356740894987,121150800
2018-08-21,50.80067443847656,51.308588866242836,50.5620750907815,51.216456087953674,104639200
2018-08-22,50.80303955078125,51.11251110082186,50.51718966438757,50.578613920231255,76072400
2018-08-23,50.9069938659668,51.27552504663343,50.696741917780805,50.70855094931436,75532800
2018-08-24,51.06526565551758,51.24007966949176,50.81721474938912,51.16921107177788,73905600
2018-08-27,51.48576354980469,51.67475486622444,51.10541983221715,51.29913331813298,82100400
2018-08-28,51.90154266357422,52.09998192790679,51.71727711744975,51.738537694761895,91107200
2018-08-29,52.67641830444336,52.7969021517309,51.83304939698359,52.007863442521426,109019200
2018-08-30,53.16069030761719,53.92373880558673,52.53938258935229,52.74018653315402,195175200
2018-08-31,53.774925231933594,54.06785841609871,53.389855650504494,53.5103358854714,173360400
2018-09-04,53.94737243652344,54.14108594690396,53.53868123150636,53.95918507117456,109560400
2018-09-05,53.59538269042969,54.25685066029417,53.177243489180974,54.09621034438831,133332000
2018-09-06,52.70475387573242,53.708766416493766,52.27952431399747,53.444177131020055,137160000
2018-09-07,52.2795295715332,53.24101745045913,52.14014985816449,52.409461340228574,150479200
2018-09-10,51.577903747558594,52.40946349671516,51.13850040561501,52.19684688336243,158066000
2018-09-11,52.881954193115234,52.98826072586101,51.15977466473182,51.50231953900643,142996000
2018-09-12,52.22520446777344,53.15361928773822,51.934628753608905,53.139445566015176,197114800
2018-09-13,53.4867057800293,53.9450085851955,52.57955171881712,52.80397734684011,166825600
2018-09-14,52.87956619262695,53.58828090480204,52.56773359371882,53.33078209117536,127997200
2018-09-17,51.47158432006836,52.66931021620188,51.32747886225964,52.48031892002024,148780400
2018-09-18,51.556640625,52.409460912019995,51.29205131507944,51.450330521211534,126286800
2018-09-19,51.58736038208008,51.88265827977429,50.862110619792645,51.61807251694769,108495200
2018-09-20,51.9795036315918,52.51103971221684,51.77161281099577,52.02911525185576,106435200
2018-09-21,51.41963577270508,52.29371687275907,51.332225139402084,52.156698208794374,384986800
2018-09-24,52.1590461730957,52.27007844864043,51.17629770710372,51.221183555265625,110773600
2018-09-25,52.489784240722656,52.638615511284215,51.901549623240875,51.91336225823483,98217600
2018-09-26,52.07162857055664,52.85830228404179,51.91571047857742,52.208647172170885,95938800
2018-09-27,53.14179229736328,53.49378857882078,52.80869550800178,52.87484553269253,120724800
2018-09-28,53.32843017578125,53.35205184075627,52.92210004922642,53.10400092790325,91717600
2018-10-01,53.6875114440918,54.197787005703184,53.47253734395038,53.85051643777683,94403200
2018-10-02,54.164710998535156,54.33480284363987,53.53868101635113,53.685147592248526,99152800
2018-10-03,54.823822021484375,55.154554187596624,54.282834315481175,54.34661966348506,114619200
2018-10-04,53.85997009277344,54.88996920159424,53.562307534511866,54.51907334874778,128168000
2018-10-05,52.98588562011719,53.95918984709933,52.10944356396356,53.852883335249984,134322000
2018-10-08,52.86302947998047,53.10635456732336,52.01965727271119,52.4944984197217,118655600
2018-10-09,53.59538269042969,53.68988017453058,52.503962883215074,52.83233398045599,107564000
2018-10-10,51.11250686645508,53.47252823327348,51.03927358720979,53.26227633927173,167962400
2018-10-11,50.66128921508789,51.854293033147755,50.158104221367275,50.67782762194213,212497600
2018-10-12,52.470890045166016,52.65279454925669,51.22591316903266,52.07164673313409,161351600
2018-10-15,51.348758697509766,52.404744221133875,51.32749811495075,52.24646498756588,123164000
2018-10-16,52.48032760620117,52.67877048262682,51.20700353895954,51.71964012658048,116736000
2018-10-17,52.253536224365234,52.59608094710994,51.816494043984775,52.51576081165162,91541600
2018-10-18,51.032188415527344,51.91099500494613,50.318747882244416,51.466865935858664,130325200
2018-10-19,51.80941390991211,52.27007781096182,51.36528481315141,51.51411607530205,132314800
2018-10-22,52.12595748901367,52.766164598324785,51.721992184868704,51.922792492432066,115168400
2018-10-23,52.617340087890625,52.740184977111134,50.720347384705434,50.98729773876846,155071200
2018-10-24,50.81249237060547,52.97171017320504,50.68256059159632,52.586644215954536,163702000
2018-10-25,51.925167083740234,52.29842394420903,51.20463971399698,51.43143001575748,119423200
2018-10-26,51.09835433959961,52.01732135018037,50.24080800053624,51.00385683952165,189033600
2018-10-29,50.13921356201172,51.899188017139984,48.68634598538271,51.781068877806405,183742000
2018-10-30,50.38963317871094,50.833758758546665,49.43759306012666,49.881718639962386,146640000
2018-10-31,51.7031135559082,52.07873158104837,51.17393847569283,51.235362739607034,153435600
2018-11-01,52.49687194824219,52.52994516393309,51.21882196206112,51.747997017825796,233292800
2018-11-02,49.01471710205078,50.47230685045314,48.530427909312415,49.50373206968647,365314800
2018-11-05,47.62327194213867,48.28473981849687,46.81533749201692,48.26347923934601,264654800
2018-11-06,48.13827896118164,48.362704623192265,47.64690286909893,47.701236668284366,127531600
2018-11-07,49.59821701049805,49.62420336069003,48.22331234911946,48.65798983895871,133697600
2018-11-08,49.4251708984375,49.81158038382015,49.01268077134279,49.77839177248752,101450400
2018-11-09,48.4721794128418,48.83725414465748,47.94590026761649,48.72820739840714,137463200
2018-11-12,46.03042221069336,47.376939004502425,45.94033730899415,47.17543444563413,204542000
2018-11-13,45.57053756713867,46.74399658446505,45.38562904888302,45.42830219317391,187531600
2018-11-14,44.28327560424805,46.103913863049335,44.077028770048315,45.96641717934507,243204000
2018-11-15,45.37614440917969,45.50889886088742,44.3069899736933,44.6602144819987,185915200
2018-11-16,45.87870788574219,46.22007848348282,44.913865338101395,45.16040876019914,147713200
2018-11-19,44.06044387817383,45.20782570490304,43.854200625676015,45.04188265017564,167701200
2018-11-20,41.9553337097168,43.019745978740524,41.60685143343039,42.28485054583868,271300800
2018-11-21,41.90791320800781,42.7352627289544,41.85338983967159,42.60724693877204,124496800
2018-11-23,40.843502044677734,41.865244596069026,40.798463202121155,41.47171992481934,94496000
2018-11-26,41.39585494995117,41.47408601348081,40.362262246396874,41.30577365457601,179994000
2018-11-27,41.30577850341797,41.43142136093944,40.50924821986047,40.65859516114247,165549600
2018-11-28,42.894107818603516,42.97707755899626,41.46935926439113,41.89607267178659,184250000
2018-11-29,42.5645866394043,43.33504001855677,42.126019422817734,43.30185140230018,167080000
2018-11-30,42.33463668823242,42.74949621026611,41.96718895954499,42.74001168122408,158126000
2018-12-03,43.813907623291016,43.842353975262405,42.95811156770217,43.72856495008896,163210000
2018-12-04,41.88658142089844,43.237837196394814,41.787015586628954,42.896466554735234,165377200
2018-12-06,41.41956329345703,41.43378646572274,40.400193746066954,40.71785665095758,172393600
2018-12-07,39.94266128540039,41.36503626254481,39.89761883235829,41.127973766354074,169126400
2018-12-10,40.205806732177734,40.32196505738388,38.71942364894465,39.11531764191258,248104000
2018-12-11,39.97585678100586,40.724971648959276,39.589443688075356,40.69415597889754,189126800
2018-12-12,40.08728790283203,40.755802567115246,40.0683224603809,40.39546639512022,142510800
2018-12-13,40.52584457397461,40.90988838723615,40.193958431440095,40.416797820265124,127594400
2018-12-14,39.229103088378906,40.082529570127996,39.18169130990103,40.06356413527948,162814800
2018-12-17,38.86404037475586,39.909487232293245,38.57719305816961,39.22200357230007,177151600
2018-12-18,39.36897659301758,39.71508586552915,38.97070965657398,39.20540286647577,135366000
2018-12-19,38.14099884033203,39.696128806296855,37.714285467405595,39.35238878434899,196189200
2018-12-20,37.17851638793945,38.43020623587975,36.815811012529885,38.02482772479942,259092000
2018-12-21,35.7324333190918,37.4938097578085,35.47166671241152,37.185627752379936,382978400
2018-12-24,34.80789566040039,35.926831218245276,34.75099934452627,35.120816354489186,148676800
2018-12-26,37.25911331176758,37.27333648323871,34.78181086894606,35.156370059261675,234330000
2018-12-27,37.01731872558594,37.16429997821352,35.575981488377714,36.94382990791601,212468400
2018-12-28,37.03627395629883,37.57914911568822,36.63801068620746,37.3373443489689,169165600
2018-12-31,37.39425277709961,37.77829300025277,37.095551610391226,37.58153062422218,140014000
2019-01-02,37.436920166015625,37.657390234429776,36.562158714565115,36.718620877015454,148158800
2019-01-03,33.70792007446289,34.54475047514119,33.66287761719509,34.13226039084803,365248800
2019-01-04,35.14689636230469,35.21564653531297,34.089599294610764,34.26265396297282,234428400
2019-01-07,35.06865692138672,35.28201536020964,34.587420294153034,35.2511960750127,219111200
2019-01-08,35.7371711730957,35.99082977941127,35.208522821319015,35.455066224870585,164101200
2019-01-09,36.344058990478516,36.63327559109025,35.471670542086514,35.865191626259296,180396400
2019-01-10,36.4602165222168,36.50051671678858,35.763252130392665,36.15203452087651,143122800
2019-01-11,36.10224533081055,36.43650431282502,35.91733687635287,36.2421149502893,108092800
2019-01-14,35.559391021728516,35.86046154521988,35.374482477798594,35.760895684433635,129756800
2019-01-15,36.287166595458984,36.363024731160756,35.5712366750947,35.623390725952945,114843600
2019-01-16,36.73046875,36.95330810558897,36.27056686587589,36.28953230223316,122278800
2019-01-17,36.94856262207031,37.375275859702455,36.3321986546809,36.55503799084918,119284800
2019-01-18,37.176143646240234,37.427429321935136,36.97700839356735,37.33734441280423,135004000
2019-01-22,36.34169387817383,37.15481678323688,36.18048944437783,37.078958639376545,121576000
2019-01-23,36.48866653442383,36.7778831290405,35.96238739453365,36.54318990699627,92522400
2019-01-24,36.19945526123047,36.62142636446528,35.97187720999421,36.53371436735213,101766000
2019-01-25,37.39897537231445,37.48669094926986,36.583483483347614,36.85847320975805,134142000
2019-01-28,37.052879333496094,37.0599909210056,36.42703431164568,36.93197511125913,104768400
2019-01-29,36.66883850097656,37.48670730390051,36.53371471002909,37.041028491557945,166348800
2019-01-30,39.174583435058594,39.38793826706386,37.984528510908085,38.70045837079162,244439200
2019-01-31,39.456695556640625,40.06357516979574,39.01101675816641,39.378464472826245,162958400
2019-02-01,39.475650787353516,40.05882254527424,39.33578115515661,39.57995887212942,130672400
2019-02-04,40.59695816040039,40.69415466560486,39.655819629284345,39.68663891563872,125982000
2019-02-05,41.291542053222656,41.50490046088107,40.85772088728547,40.978621452858036,144406400
2019-02-06,41.30577850341797,41.62107211746024,40.97626171566191,41.40297139622457,112958400
2019-02-07,40.52348327636719,41.23467110889792,40.38124426294569,40.86959266251732,126966800
2019-02-08,40.57109451293945,40.63061433812733,40.09731539663526,40.23302234180851,95280000
2019-02-11,40.33776092529297,40.76154528352861,40.29490840898636,40.723451736055644,83973600
2019-02-12,40.68536376953125,40.71155263291125,40.40204887463883,40.4972827563848,89134000
2019-02-13,40.516326904296875,41.06390993130662,40.454427604228414,40.80440440861806,89960800
2019-02-14,40.66393280029297,40.773447210619636,40.325860733039946,40.40442731408336,87342800
2019-02-15,40.57346725463867,40.87820841832707,40.41395458558312,40.77107347735558,98507200
2019-02-19,40.69488525390625,40.81630799877144,40.35205417876045,40.404431905407954,75891200
2019-02-20,40.9567756652832,41.26389995148661,40.70917482812812,40.75678995456549,104457600
2019-02-21,40.72583770751953,41.03772095743167,40.54489877740289,40.90201766804449,68998800
2019-02-22,41.18057632446289,41.18771841275426,40.80203111381347,40.84964624668983,75652800
2019-02-25,41.480552673339844,41.8710025541568,41.413890764380966,41.463889012500914,87493600
2019-02-26,41.50434875488281,41.73528587720178,41.22817600180852,41.35674080846053,68280800
2019-02-27,41.63292694091797,41.663878413092874,41.12343737306422,41.23771805518607,111341600
2019-02-28,41.223419189453125,41.64244097925039,41.16866198112314,41.5019750987165,112861600
2019-03-01,41.65672302246094,41.69957553997126,41.16151778980415,41.4924477730699,103544800
2019-03-04,41.866241455078125,42.318590618981844,41.41865126099976,41.8281478996669,109744800
2019-03-05,41.79005432128906,41.90195186974716,41.55435453421323,41.887667694676146,78949600
2019-03-06,41.549591064453125,41.780528223893675,41.41150466571953,41.58530149826311,83241600
2019-03-07,41.06867218017578,41.53054652391406,40.95439515303267,41.39483960253065,99185600
2019-03-08,41.16629409790039,41.20438765912665,40.35444278417519,40.54966956085832,95997600
2019-03-11,42.59237289428711,42.64475061563465,41.74719453203529,41.78052547900183,128044000
2019-03-12,43.070926666259766,43.48994492286504,42.70428251302859,42.854273633241505,129870400
2019-03-13,43.261383056640625,43.63992820049974,43.07329841068218,43.38994425600369,124130000
2019-03-14,43.74230194091797,43.83039373846659,43.46374963935355,43.78277497966139,94318000
2019-03-15,44.311317443847656,44.59939499066683,43.74469118922754,44.0089593533073,156171600
2019-03-18,44.7636604309082,44.851748588606974,44.23274110168336,44.23512421911368,104879200
2019-03-19,44.4089241027832,44.99460068115345,44.263695608787415,44.84223009997764,126585600
2019-03-20,44.79698944091797,45.113635257364436,43.98037578107166,44.33749463127132,124140800
2019-03-21,46.44688415527344,46.74210375942547,45.189825893725065,45.23982413911908,204136800
2019-03-22,45.485042572021484,47.06588868608585,45.42076015573601,46.50640098152946,169630800
2019-03-25,44.935089111328125,45.70646373072087,44.42559954645936,45.594566167299995,175381200
2019-03-26,44.4708251953125,45.920730708925866,43.944672043567564,45.63027370922542,199202000
2019-03-27,44.87080001831055,45.17792067619841,44.413688258793016,44.93746192285677,119393600
2019-03-28,44.930320739746094,45.13030645740991,44.647005823321656,44.98507795541089,83121600
2019-03-29,45.2231559753418,45.2541074425039,44.887463337480106,45.19458762583912,94256000
2019-04-01,45.5302848815918,45.635036717993124,44.84937796457391,45.62551514479362,111448000
2019-04-02,46.19215393066406,46.29690942007619,45.485058009934555,45.494579584970936,91062800
2019-04-03,46.5087890625,46.782578782918094,45.98501173731516,46.00882111856958,93087200
2019-04-04,46.5897331237793,46.75162528431652,45.98263025616197,46.37545960019598,76457200
2019-04-05,46.9016227722168,46.92543215567878,46.64687617382077,46.770678428779675,74106400
2019-04-08,47.6396598815918,47.67060771411414,46.74447956713856,46.763526343275984,103526800
2019-04-09,47.49680709838867,48.2943739839882,47.432524688138955,47.69203381366528,143072800
2019-04-10,47.763450622558594,47.792022598466595,47.18253676070273,47.301576367384655,86781200
2019-04-11,47.36585998535156,47.85392311180823,47.24444089123429,47.81821268200921,83603200
2019-04-12,47.34682846069336,47.649190183974554,46.71354029389259,47.425395064355484,111042800
2019-04-15,47.43254089355469,47.58015253910808,47.14208383873285,47.277790791980024,70146400
2019-04-16,47.437286376953125,47.94201317992309,47.2730111276995,47.48728461347408,102785600
2019-04-17,48.36103057861328,48.420550380484144,47.28491154360388,47.50632346281932,115627200
2019-04-18,48.53484344482422,48.60388483941053,48.215818073091455,48.35866346517399,96783200
2019-04-22,48.69435119628906,48.79196456564161,48.172957030939074,48.28961717719952,77758000
2019-04-23,49.39667892456055,49.460961335538265,48.54435482277016,48.67053652737033,93292000
2019-04-24,49.320499420166016,49.63476214823507,49.294310556760166,49.36811454468543,70162400
2019-04-25,48.8729133605957,49.463348946368356,48.834819804661606,49.241936964004154,74172800
2019-04-26,48.63958740234375,48.80624213673832,48.12057279202839,48.78243276062449,74596400
2019-04-29,48.71340560913086,49.03719360171723,48.534846134531065,48.66340735781012,88818800
2019-04-30,47.775367736816406,48.4253231411779,47.403964648609836,48.34437705945112,186139600
2019-05-01,50.120445251464844,51.260843272461415,49.813320981383605,49.968074675183026,259309200
2019-05-02,49.794273376464844,50.627550746312075,49.55143515858325,49.958548639197176,127985200
2019-05-03,50.413291931152344,50.434718196346275,50.051410376846924,50.20854358720607,83569600
2019-05-06,49.63475799560547,49.72046666569017,48.449124420101235,48.63720541769776,129772400
2019-05-07,48.29676818847656,49.38240924321776,47.81346748764048,49.015768710198,155054800
2019-05-08,48.3062858581543,48.88719989942972,48.03249613134411,48.06820657125792,105358000
2019-05-09,47.78726577758789,48.01581981569588,46.82066463565413,47.71107867635127,139634400
2019-05-10,47.125247955322266,47.524374640553994,46.07127795478432,47.18260833059418,164834800
2019-05-13,44.38634490966797,45.284968708622976,43.700427440772614,44.861948342853104,229722400
2019-05-14,45.08900833129883,45.3375626885166,44.31227095065522,44.55126706777633,146118800
2019-05-15,45.629146575927734,45.82751382697898,44.45806684688862,44.517815887080246,106178800
2019-05-16,45.42837905883789,45.99957959112661,45.132022582428725,45.38775015951254,132125600
2019-05-17,45.17027282714844,45.624364058228416,44.63492013264827,44.67554904096242,131516400
2019-05-20,43.757789611816406,44.058926994173994,43.08621123813103,43.86055981831974,154449200
2019-05-21,44.5966682434082,44.93126128361247,44.14257352108455,44.26685249892783,113459200
2019-05-22,43.6837043762207,44.38396480563618,43.62873629745547,44.133018185582294,118994400
2019-05-23,42.93804168701172,43.14835578247127,42.4958974279958,42.97150099629786,146118800
2019-05-24,42.773128509521484,43.53074564161301,42.68947842323507,43.06709266530931,94858800
2019-05-28,42.59627151489258,43.16030242542194,42.51979466347363,42.76117939821549,111792800
2019-05-29,42.393131256103516,42.86395388562777,42.0633154565731,42.163693385388605,113924800
2019-05-30,42.613006591796875,42.83527122076542,42.22344177055687,42.52935649566115,84873600
2019-05-31,41.841041564941406,42.53890961569285,41.82192144271378,42.11827422026592,108174400
2019-06-03,41.418025970458984,42.522186815106615,40.693868059775646,41.96771774456351,161584400
2019-06-04,42.93326187133789,42.978671716588416,41.70960293183085,41.92947891959907,123872000
2019-06-05,43.626346588134766,44.21188995189266,43.29175350609404,44.0422011159206,119093600
2019-06-06,44.26685333251953,44.32660235130905,43.533133631324745,43.755401877552906,90105200
2019-06-07,45.44511032104492,45.86813447046718,44.39830980535762,44.57516459850568,122737600
2019-06-10,46.0258674621582,46.69266494884902,45.796429611108664,45.84183945170739,104883600
2019-06-11,46.558841705322266,46.84324772140322,46.26965839169468,46.57079224277287,107731600
2019-06-12,46.410648345947266,46.836061067320955,46.21945075676128,46.35328797515427,73012800
2019-06-13,46.40108871459961,47.032038236807054,46.26964378451583,46.532537291474256,86698400
2019-06-14,46.064109802246094,46.26725429994497,45.48095873253902,45.77970385867657,75046000
2019-06-17,46.33894729614258,46.59467483835488,45.927873769058344,46.102339876909845,58676400
2019-06-18,47.42877960205078,47.86853159056381,46.65443450201509,46.85519036892868,106204000
2019-06-19,47.29015350341797,47.77053796142273,47.15631628119662,47.72273582766585,84496800
2019-06-20,47.670166015625,47.94501008519834,47.32839967976791,47.88764970557996,86056000
2019-06-21,47.50764846801758,48.002372187149874,47.357079745361425,47.5124294115218,191202400
2019-06-24,47.459835052490234,47.83744924119532,47.36184579881311,47.45027316848795,72881600
2019-06-25,46.740478515625,47.622371240341856,46.673556238992205,47.42400399945902,84281200
2019-06-26,47.751426696777344,48.03583267016002,47.165886917526144,47.26626485281565,104270000
2019-06-27,47.73707962036133,48.17444289617968,47.69645072327974,47.86852455047612,83598800
2019-06-28,47.3021125793457,47.67972689411709,47.09418711775815,47.48374832133551,124442400
2019-07-01,48.16965866088867,48.872307690511114,47.95456000971146,48.556831127500786,109012000
2019-07-02,48.451690673828125,48.547291326254786,48.12426710039781,48.136217637800144,67740800
2019-07-03,48.85319900512695,48.860368597165724,48.44212537654384,48.58313221569498,45448000
2019-07-05,48.81017303466797,49.013321180685026,48.49230778045325,48.59985894410412,69062000
2019-07-08,47.80400848388672,48.13382067409461,47.4192245563178,47.992813828081516,101354400
2019-07-09,48.0955924987793,48.16011884158518,47.514829885980305,47.60803825015887,82312000
2019-07-10,48.57118225097656,48.69068031541606,48.17205915336362,48.24137007294178,71588400
2019-07-11,48.217464447021484,48.84841402179487,48.207906207357404,48.5902977893706,80767200
2019-07-12,48.58790588378906,48.755202417628624,48.32500872576195,48.384757748332575,70380800
2019-07-15,49.04438781738281,49.20212246066729,48.75520095224477,48.77670972449391,67789600
2019-07-16,48.87471008300781,49.25949400997308,48.63571394568259,48.89621886013708,67467200
2019-07-17,48.599857330322266,49.01570820127691,48.58073720512569,48.7671538673035,56430000
2019-07-18,49.15194320678711,49.20452264524316,48.68350920421264,48.75520876999739,74162400
2019-07-19,48.4182243347168,49.35270006344837,48.36325624678891,49.18301120924729,83717200
2019-07-22,49.52477264404297,49.52716129222279,48.661996568281346,48.67155480779176,89111600
2019-07-23,49.911949157714844,49.928680636686046,49.5415044398914,49.821133111328635,73420800
2019-07-24,49.87131118774414,49.98602828414967,49.512817070534965,49.63231510960469,59966400
2019-07-25,49.476966857910156,50.00753841889171,49.40765595621234,49.92388833664692,55638400
2019-07-26,49.64903259277344,50.12463232028493,49.50563352758813,49.5868912960246,70475600
2019-07-29,50.112693786621094,50.34213161648365,49.81634099625393,49.82112193871518,86693600
2019-07-30,49.897605895996094,50.22742168380975,49.546281334227054,49.89282495285342,135742800
2019-07-31,50.91573715209961,52.906575478576855,50.4998861935349,51.7235452895837,277125600
2019-08-01,49.81394958496094,52.108313337109216,49.410049286192155,51.12125839181598,216071600
2019-08-02,48.75997543334961,49.33595314572935,48.188775016309386,49.12085815816069,163448400
2019-08-05,46.207489013671875,47.47655727941519,46.025853353745106,47.31882267988475,209572000
2019-08-06,47.082237243652344,47.33796485122246,46.374807099768596,46.917329331748846,143299200
2019-08-07,47.569786071777344,47.694065075152395,46.322229681695646,46.702232636878804,133457600
2019-08-08,48.61896896362305,48.642870029434654,47.653426441558544,47.84701267554443,108038000
2019-08-09,48.218345642089844,48.642973433081345,47.81050558062374,48.292715357100306,98478800
2019-08-12,48.09599685668945,48.4726482380733,47.77692380576654,47.88967908168095,89927600
2019-08-13,50.13277053833008,50.893266254855526,48.09598298618555,48.225533277199396,188874000
2019-08-14,48.640567779541016,49.525814703624334,48.60218223590696,48.7389293623607,146189600
2019-08-15,48.39826583862305,49.213938506270125,47.90166247767573,48.81090128055658,108909600
2019-08-16,49.54021072387695,49.69854835341414,48.90206475803103,49.00762317772249,110481600
2019-08-19,50.463844299316406,51.034813742319905,50.387073206778055,50.52861579041757,97654400
2019-08-20,50.46623229980469,51.18354695733414,50.45663774540958,50.590983470819914,107537200
2019-08-21,51.01322555541992,51.255527463503284,50.76372681466608,51.09719348410533,86141600
2019-08-22,50.97002410888672,51.445033177789156,50.55978650803062,51.14515306801436,89014800
2019-08-23,48.61417770385742,50.87167667544053,48.220735037045706,50.243125301638166,187272000
2019-08-26,49.537811279296875,49.70574345904227,49.194746427216245,49.38667048720254,104174400
2019-08-27,48.97883224487305,50.03201131914729,48.82769145865033,49.86647686959799,103493200
2019-08-28,49.3074951171875,49.35307748719448,48.777309044460935,48.96443397138166,63755200
2019-08-29,50.14237594604492,50.21674932361464,49.57860326769011,50.02002612084865,83962000
2019-08-30,50.077598571777344,50.48783265913524,49.708144094052756,50.418262059397264,84573600
2019-09-03,49.34828567504883,49.65536271132292,48.99322853822822,49.52341468933475,80092000
2019-09-04,50.18556213378906,50.25513274380747,49.73694243376405,49.99363803420186,76752400
2019-09-05,51.166751861572266,51.33228629473703,50.74212053223393,50.859674872176875,95654800
2019-09-06,51.161964416503906,51.440254145532066,50.98203628042235,51.351490769805636,77449200
2019-09-09,51.38026428222656,51.92484765262386,50.63656371615153,51.540999601287744,109237600
2019-09-10,51.98723220825195,52.00642498087169,50.79011275885333,51.30590525316312,127111600
2019-09-11,53.640167236328125,53.66895822314736,52.234328791439815,52.31589898333976,177158400
2019-09-12,53.52022171020508,54.31910305503912,53.465044774742466,53.930459461580966,128906800
2019-09-13,52.47903060913086,52.968433443898334,52.06399747203743,52.77891078404018,159053200
2019-09-16,52.75491714477539,52.81009773078232,52.19354235463961,52.23432561778829,84632400
2019-09-17,52.94684982299805,52.97564081276649,52.567800793429946,52.76932307922049,73274800
2019-09-18,53.443458557128906,53.462651332010914,52.644577148321865,53.033220772901906,101360000
2019-09-19,53.00922775268555,53.68095650952987,52.86768150832097,53.26112420617858,88242400
2019-09-20,52.23433303833008,53.39307059939063,52.17195927300286,53.10998544062051,221652400
2019-09-23,52.47184371948242,52.740535235702495,52.21514448401354,52.5270206571389,76662000
2019-09-24,52.22233200073242,53.37627400150818,52.1047813136798,53.026012342649935,124763200
2019-09-25,53.0260124206543,53.13876766068672,52.092785451052755,52.43105117115003,87613600
2019-09-26,52.75252151489258,53.00442159553428,52.49822371066928,52.778911116876884,75334000
2019-09-27,52.495826721191406,53.009221444627215,52.12637228824465,52.90845848244411,101408000
2019-09-30,53.73133850097656,53.877680194515705,52.96844131904631,52.994830924787706,103909600
2019-10-01,53.88007354736328,54.75092680553321,53.78651107289727,53.995230177972914,139223200
2019-10-02,52.5294189453125,53.63777504503247,52.282314281140316,53.513023851006665,138449200
2019-10-03,52.97563934326172,53.009225779853956,51.61058406203605,52.402264876088374,114426000
2019-10-04,54.46064758300781,54.57580422718632,53.712147699084255,54.13198002178577,138478800
2019-10-07,54.472633361816406,55.16115707118716,54.17995001859924,54.28311070218234,122306000
2019-10-08,53.834495544433594,54.712545705751026,53.817704155676886,54.17516269518079,111820000
2019-10-09,54.46543502807617,54.647760851343286,54.13196842959568,54.46543502807617,74770400
2019-10-10,55.199546813964844,55.28351473349061,54.53021582409262,54.68135295433329,113013600
2019-10-11,56.66777801513672,57.01083929624749,55.73214935087039,55.88568790686541,166795600
2019-10-14,56.58619689941406,57.128382680732784,56.2983126199482,56.35348955552275,96427600
2019-10-15,56.45424270629883,57.013216118499486,56.34868430138051,56.7109382267624,87360000
2019-10-16,56.2263298034668,56.435048885905815,55.94564241051072,55.98642567335256,73903200
2019-10-17,56.44464874267578,56.65336418407442,56.02241875184439,56.39906636796876,67585200
2019-10-18,56.71574020385742,56.996427616238385,56.20714092357815,56.27911289972252,97433600
2019-10-21,57.6993408203125,57.81449743804238,56.93404972278588,56.98202981651674,87247200
2019-10-22,57.56740188598633,58.10478484329185,57.48583169226944,57.85528613606384,82293600
2019-10-23,58.33989334106445,58.35429066597053,57.869683225583834,58.08080006310815,75828800
2019-10-24,58.43585205078125,58.72853540039477,58.011220689350694,58.65896114841544,69275200
2019-10-25,59.155574798583984,59.19155896233175,58.267930039881136,58.335102919308554,73477200
2019-10-28,59.748130798339844,59.79611089742203,59.1891536754474,59.35708585255852,96572800
2019-10-29,58.366275787353516,59.9160581205968,58.19354817678271,59.72893318688571,142839600
2019-10-30,58.35907745361328,58.84848392967806,57.86727691472334,58.71893364927705,124522000
2019-10-31,59.67855453491211,59.77691611414118,56.91965683308477,59.313902865640614,139162000
2019-11-01,61.372283935546875,61.3986698789117,59.77452135224457,59.865682443755965,151125200
2019-11-04,61.77531814575195,61.859286061859265,61.266722523104576,61.73453121919917,103272000
2019-11-05,61.686561584472656,61.94085942383755,61.49223978875598,61.667365150580366,79897600
2019-11-06,61.71295928955078,61.77293534462811,61.26433956897971,61.60020401315358,75864400
2019-11-07,62.42519760131836,62.64657532033159,62.10757157358099,62.259166147877245,94940400
2019-11-08,62.59603500366211,62.668219386425065,61.804378670750026,62.24712668600199,69986400
2019-11-11,63.09171676635742,63.156682706813456,62.14846594489044,62.153275789018245,81821200
2019-11-12,63.033958435058594,63.23368077605803,62.78371437532705,62.93530156134261,87388800
2019-11-13,63.63792419433594,63.7125171577842,62.81980284655738,62.83423972056204,102734400
2019-11-14,63.19760513305664,63.73660151760766,63.06766588203988,63.46469473113416,89182800
2019-11-15,63.94834899902344,63.95315884390402,63.28663183584902,63.447846087006816,100206400
2019-11-18,64.2707748413086,64.35017765749019,63.58018402978714,63.957958734167235,86703200
2019-11-19,64.07588958740234,64.48735535838527,63.85932904179426,64.46329144370087,76167200
2019-11-20,63.32993698120117,64.02533768482304,62.65859284317202,63.89540579483597,106234400
2019-11-21,63.04600143432617,63.527250234635154,62.84627906996454,63.450248664199975,121395200
2019-11-22,62.990665435791016,63.327538182207164,62.764477875352654,63.185570644191614,65325200
2019-11-25,64.09512329101562,64.1119687621998,63.16871783845167,63.214437064080556,84020400
2019-11-26,63.594627380371094,64.28521826220536,63.16390763031804,64.23228059826994,105207600
2019-11-27,64.4488525390625,64.48254348721751,63.84007296737668,63.90503892603565,65235600
2019-11-29,64.30687713623047,64.48734545373158,63.98203269607354,64.15047272971776,46617600
2019-12-02,63.56333541870117,64.54748822564592,63.39249416954193,64.3116736959124,94487200
2019-12-03,62.42998504638672,62.44923176165174,61.66961128616275,62.155669786775846,114430400
2019-12-04,62.98103713989258,63.35881926446583,62.72597582676955,62.81982288100207,67181600
2019-12-05,63.905025482177734,63.97962580264489,63.21925181077436,63.47431308955241,74424400
2019-12-06,65.13943481445312,65.2092179525118,64.31890465939279,64.36222263596946,106075600
2019-12-09,64.22747039794922,65.161086935307,63.7438129866393,64.96859034566656,128042400
2019-12-10,64.60284423828125,64.98543616897592,63.972402115751365,64.63171799255643,90420400
2019-12-11,65.15388488769531,65.2332950747732,64.60766998614046,64.68226298413724,78756800
2019-12-12,65.31990814208984,65.58459649359327,64.3237267833271,64.43441196912849,137310400
2019-12-13,66.20782470703125,66.24391691065055,65.19238909997512,65.31991978161426,133587600
2019-12-16,67.34114074707031,67.56492701892114,66.64814864663275,66.65295849103184,128186000
2019-12-17,67.47350311279297,67.80074884102518,67.08609392860065,67.27137945536563,114158400
2019-12-18,67.31227111816406,67.83202073279126,67.16308515663923,67.32670799551974,116028400
2019-12-19,67.37965393066406,67.6587791659251,67.12219135736983,67.25453186379887,98369200
2019-12-20,67.24007415771484,68.012476324904,67.02832353839587,67.91141820231184,275978000
2019-12-23,68.33733367919922,68.39748978279006,67.46386588013625,67.50236666762733,98572000
2019-12-24,68.4023208618164,68.55151421338667,68.07748367620525,68.50338637826378,48478800
2019-12-26,69.75942993164062,69.7762754042592,68.50577869758881,68.53465245449213,93121200
2019-12-27,69.73294830322266,70.73635528399755,69.32870107290967,70.05057427415741,146266000
2019-12-30,70.14683532714844,70.4283691578937,68.63090426605163,69.65114955957583,144114400
2019-12-31,70.65936279296875,70.66658123217782,69.6655827166298,69.76423961467027,100805600
2020-01-02,72.27154541015625,72.33170151465225,71.02992253216576,71.28257523373918,135480400
2020-01-03,71.56892395019531,72.32688945190185,71.34514498799838,71.5015494021164,146322800
2020-01-06,72.13920593261719,72.17770672514841,70.44280652658847,70.69305800640377,118387200
2020-01-07,71.79993438720703,72.40389677360038,71.58096525277217,72.14883543970386,108872000
2020-01-08,72.95491027832031,73.25569076947626,71.50394548271495,71.50394548271495,132079200
2020-01-09,74.5045394897461,74.69703608624071,73.67919950094557,73.9294436077337,170108400
2020-01-10,74.67296600341797,75.2360335553344,74.17247048793807,74.73793929040194,140644800
2020-01-13,76.26830291748047,76.29477541829935,74.87027582985212,74.98818677177965,121532000
2020-01-14,75.23844909667969,76.41510614806313,75.11573562414125,76.20576405751645,161954400
2020-01-15,74.91598510742188,75.9169832961004,74.48526545986336,75.03870587717718,121923600
2020-01-16,75.85443878173828,75.96513130059404,75.09647333767747,75.45740996278018,108829200
2020-01-17,76.69422149658203,76.69662274727602,75.7966897960532,76.10228015577917,137816400
2020-01-21,76.1744613647461,76.7639866868858,76.03730370643434,76.32364730468942,110843200
2020-01-22,76.4463882446289,76.99741293025565,76.35254118737379,76.65813158547017,101832400
2020-01-23,76.81453704833984,76.89393987673444,75.95309750344295,76.49931964228543,104472000
2020-01-24,76.59315490722656,77.80108679471296,76.40305956833261,77.05996684733118,146537600
2020-01-27,74.34091186523438,75.01946709734743,73.36156878763045,74.60800142643146,161940000
2020-01-28,76.44395446777344,76.61479570938447,75.12052047129349,75.21917734131473,162234000
2020-01-29,78.04412078857422,78.88871482326161,77.33187458625076,78.07059329235672,216229200
2020-01-30,77.9310302734375,77.9839679399373,76.69903440937786,77.12975418029563,126743200
2020-01-31,74.47565460205078,77.64467359137022,74.18209256314945,77.22358092411761,199588400
2020-02-03,74.2711410522461,75.43335387455234,72.72151906032097,73.22201466798846,173788400
2020-02-04,76.72309875488281,76.91319410520111,75.46703897288427,75.87128624120515,136616400
2020-02-05,77.34870910644531,78.14517520873252,76.74714816252607,77.84679598712277,118826800
2020-02-06,78.25345611572266,78.25586470947945,77.06236978662149,77.6182115421901,105425600
2020-02-07,77.18980407714844,78.00263182401238,76.70017745261804,77.75420072606255,117684000
2020-02-10,77.55640411376953,77.55640411376953,75.69920332307832,75.7787945932457,109348800
2020-02-11,77.0884780883789,78.12320868151228,76.87140364468625,78.05085298718184,94323200
2020-02-12,78.91918182373047,78.92400308456664,77.53712876134894,77.53712876134894,113730400
2020-02-13,78.35716247558594,78.68277779613301,77.99054805167637,78.19315134073435,94747600
2020-02-14,78.37648010253906,78.62491117131455,77.86996808406116,78.32582374819955,80113600
2020-02-18,76.94134521484375,77.12224179450247,75.88249370210502,76.06339028176376,152531200
2020-02-19,78.05569458007812,78.28483327298406,77.1825679577684,77.1825679577684,93984000
2020-02-20,77.25492095947266,78.30412292796458,76.75082321347557,77.8169106346844,100566000
2020-02-21,75.50627136230469,77.29112449529828,74.89122559397904,76.8497324736676,129554000
2020-02-24,71.919677734375,73.3668508412422,69.76098226638659,71.69778197998241,222195200
2020-02-25,69.48359680175781,72.96887474112613,69.0132699904686,72.58778908763885,230673600
2020-02-26,70.58586883544922,71.8473240795573,69.10251783059799,69.10975340191128,198054800
2020-02-27,65.97177124023438,68.98189285085091,65.83670238854329,67.80003671820369,320605600
2020-02-28,65.93318176269531,67.15122314774298,61.835273603866604,62.049941078008516,426510000
2020-03-02,72.07164001464844,72.70598547396882,66.98482686785387,68.08467796117681,341397200
2020-03-03,69.78267669677734,73.32342450844571,68.93366391267253,73.24383324028676,319475600
2020-03-04,73.01953125,73.17872118058433,70.70164577624014,71.50000237914564,219178400
2020-03-05,70.65099334716797,72.2501134253378,70.28678576484225,71.27809579631553,187572800
2020-03-06,69.71273040771484,70.14447238483373,67.83140857783133,68.01712645055636,226176800
2020-03-09,64.19898986816406,67.07403522816881,63.43439712795174,63.61529369770825,286744800
2020-03-10,68.82271575927734,69.08803225317006,64.97082373995369,66.84491728627172,285290000
2020-03-11,66.4324722290039,67.82899618098686,65.57140256073914,66.9052206904251,255598800
2020-03-12,59.87196350097656,65.12279105466,59.81648956131734,61.73158259822545,418474000
2020-03-13,67.04510498046875,67.51543909047871,61.01039330045894,63.89027147674693,370732000
2020-03-16,58.41994857788086,62.488910753344506,57.88690504127168,58.35723540866195,322423600
2020-03-17,60.98870086669922,62.13437593513169,57.50101194051955,59.698303330138536,324056000
2020-03-18,59.49568557739258,60.29886692649559,57.19226812473029,57.831438322361606,300233600
2020-03-19,59.03984069824219,60.983876053502776,58.516446847237546,59.66936116979186,271857200
2020-03-20,55.29164505004883,60.74024926077328,54.99256137379153,59.61868823507124,401693200
2020-03-23,54.11702346801758,55.11316188237845,51.28056622079162,55.01186023215794,336752800
2020-03-24,59.54633331298828,59.7417010367925,56.51209413891843,57.0089561723836,287531200
2020-03-25,59.218326568603516,62.288744583804295,58.92406773248229,60.479778138969706,303602000
2020-03-26,62.33456039428711,62.39244495401999,59.42091855638433,59.45951071644022,252087200
2020-03-27,59.7537727355957,61.71468959022156,59.58734725663957,60.962160830090674,204216800
2020-03-30,61.45901870727539,61.63026911474741,60.154150297630075,60.477355032834254,167976400
2020-03-31,61.33359909057617,63.31140135824747,60.781263041812586,61.6495682716932,197002000
2020-04-01,58.10641098022461,59.99014731742834,57.67708326845724,59.45469299280137,176218400
2020-04-02,59.076011657714844,59.12907496179199,57.13921209995254,57.96892520332119,165934000
2020-04-03,58.22700500488281,59.26173205327884,57.638487411525155,58.56226659383969,129880000
2020-04-06,63.30658721923828,63.46094852152329,60.149338806047744,60.51595333958977,201820400
2020-04-07,62.57334518432617,65.53281860383495,62.46963288857008,65.31573677087265,202887200
2020-04-08,64.17487335205078,64.48842448399525,63.00748829000569,63.371688404036405,168895200
2020-04-09,64.63797760009766,65.13966834587349,63.84444973045493,64.80923169926753,161834800
2020-04-13,65.90667724609375,66.01521817669068,64.11700321080237,64.71517076301717,131022800
2020-04-14,69.23514556884766,69.52458303051418,67.06438668844999,67.53472072348299,194994800
2020-04-15,68.60325622558594,69.06152634991895,67.68671597691991,68.11362949851825,131154400
2020-04-16,69.14834594726562,69.51255354700056,68.10155824756667,69.31477144908467,157125200
2020-04-17,68.21009063720703,69.21105794148095,66.7773886485133,68.66595370665648,215250000
2020-04-20,66.79426574707031,67.93994433259655,66.77497334644413,67.04028985944329,130015200
2020-04-21,64.72962951660156,66.8714465476712,64.02051421953927,66.63748663863089,180991600
2020-04-22,66.59407043457031,67.02821933430408,65.65340957801277,65.99348871174,116862400
2020-04-23,66.33599090576172,67.95682478512697,66.29739874664567,66.53859422059466,124814400
2020-04-24,68.2510757446289,68.26072562347866,66.81113863556433,66.85938066911224,126161200
2020-04-27,68.29933166503906,68.62976831599522,67.5226818754922,67.96888765338052,117087600
2020-04-28,67.1922378540039,68.94090519524222,67.10058974876348,68.76000857373481,112004800
2020-04-29,69.39918518066406,69.86710504839203,68.47299532638776,68.67559866694484,137280800
2020-04-30,70.86322784423828,71.03930319142114,69.54871691757756,69.93703810047037,183064000
2020-05-01,69.72238159179688,72.11745102481503,68.94573182479387,69.04220854800435,240616800
2020-05-04,70.7088623046875,70.8366956047244,69.05908623299008,69.746494769706,133568000
2020-05-05,71.77012634277344,72.59983938170623,71.02241888364539,71.16713764358983,147751200
2020-05-06,72.51057434082031,73.1400908022151,72.08606808103873,72.46956788407799,142333600
2020-05-07,73.26071166992188,73.6056267954184,72.83379832640894,73.1352926720061,115215200
2020-05-08,75.00443267822266,75.05763961237142,73.59203914883197,73.9185359092618,133838400
2020-05-11,76.18466186523438,76.67802725492889,74.3054951964832,74.5134886448119,145946400
2020-05-12,75.31401062011719,77.31651506334359,75.19308642093533,76.86667320446085,162301200
2020-05-13,74.40467071533203,76.41201718560454,73.33086305668714,75.4929886898536,200622400
2020-05-14,74.86176300048828,74.92222510630167,72.92455476842612,73.64526572674791,158929200
2020-05-15,74.4191665649414,74.46511834982786,72.60530362666714,72.63916594421597,166348400
2020-05-18,76.17256164550781,76.54501020724649,75.05038903047435,75.73965837102512,135178400
2020-05-19,75.732421875,77.03356024520173,75.70098039780004,76.18951157558008,101729600
2020-05-20,77.20527648925781,77.2754072194724,76.54986193395195,76.58855856818843,111504800
2020-05-21,76.6296615600586,77.60673109306647,76.39264748790822,77.06740654244075,102688800
2020-05-22,77.123046875,77.20527445284804,76.26690139409212,76.368473598234,81803200
2020-05-26,76.60063934326172,78.41691564137308,76.5450115593525,78.2379502036352,125522000
2020-05-27,76.93438720703125,77.07949771603786,75.7203109556176,76.45795296780663,112945200
2020-05-28,76.96823120117188,78.22342462723567,76.33458975600101,76.61029301491585,133560800
2020-05-29,76.89327239990234,77.66960361164463,76.53775499591495,77.21009317848531,153532400
2020-06-01,77.83889770507812,77.9598218875062,76.71671774944491,76.84731793304262,80791200
2020-06-02,78.19924926757812,78.22343558014592,77.1326970947877,77.57286288939194,87642800
2020-06-03,78.62974548339844,78.89094587146293,77.94773126866299,78.51849729325161,104491200
2020-06-04,77.95260620117188,78.75070325704347,77.58015746413776,78.4532343412552,87560400
2020-06-05,80.17274475097656,80.23320685109042,78.172661136236,78.20168176339025,137250400
2020-06-08,80.64675903320312,80.68062134923207,79.16181381231353,79.87042779704282,95654400
2020-06-09,83.19343566894531,83.5852289286094,80.2960963197302,80.3275377952439,147712400
2020-06-10,85.33378601074219,85.800551637391,83.70130935970825,84.13905436012791,166651600
2020-06-11,81.23686218261719,84.9032841848941,81.13529000514959,84.48004955731804,201662400
2020-06-12,81.93822479248047,84.11486012218111,80.83056250550848,83.36997039015924,200146000
2020-06-15,82.95156860351562,83.60214129780755,80.4339262304824,80.59596788300412,138808800
2020-06-16,85.1500015258789,85.42087799755174,83.37000042437533,85.00005666338183,165428800
2020-06-17,85.03150177001953,85.95294384039057,84.91057753631593,85.89248172353878,114406400
2020-06-18,85.06533813476562,85.48131766696713,84.45829630505166,84.98794487746599,96820400
2020-06-19,84.5792465209961,86.23348915637818,83.47399725092669,85.76914423098822,264476000
2020-06-22,86.79214477539062,86.93483446322153,84.92507460309979,84.97102639518768,135445200
2020-06-23,88.64471435546875,90.05952930035993,87.61443757025881,88.03283805650993,212155600
2020-06-24,87.0799331665039,89.19127232771852,86.70748456883423,88.27466483721669,192623200
2020-06-25,88.23597717285156,88.27467380594872,86.47774180640029,87.23472854623947,137522400
2020-06-26,85.52484893798828,88.35205726047579,85.37731757939976,88.13197433577965,205256800
2020-06-29,87.49590301513672,87.59022742215014,84.95649512979536,85.43293671398446,130646000
2020-06-30,88.2262954711914,88.51168219927229,87.06542607576557,87.08477070075071,140223200
2020-07-01,88.05941009521484,88.84541733018017,88.01104484759307,88.30367932080465,110737200
2020-07-02,88.05941009521484,89.59756962987294,87.94574844202161,88.96392805520118,114041600
2020-07-06,90.4150390625,90.88180477153354,89.45247963245309,89.48392110995985,118655600
2020-07-07,90.13446807861328,91.56862711706414,90.02321989687357,90.79229592909284,112424400
2020-07-08,92.23372650146484,92.26516797551552,91.02206361133545,91.10913287644715,117092000
2020-07-09,92.63037109375,93.17694353591374,91.58558408723032,93.1237365851939,125642800
2020-07-10,92.79238891601562,92.85043754869993,91.61700927809584,92.22646456657715,90257200
2020-07-13,92.36431884765625,96.69582436714335,92.15149108508342,94.09353334761987,191649200
2020-07-14,93.89282989501953,94.08388486357734,90.8165172013005,91.7476278639513,170989200
2020-07-15,94.5385513305664,96.01140740726693,93.34381947671102,95.76230381558776,153198000
2020-07-16,93.37523651123047,94.22896096414982,92.7778707406749,93.41393313619832,110577600
2020-07-17,93.18661499023438,93.97987752001936,92.71500761457771,93.82509836770011,92186800
2020-07-20,95.1504135131836,95.28826887148021,92.9302469895083,93.27367496235873,90318000
2020-07-21,93.8371810913086,96.01381673517915,93.58807752951296,95.93884432011826,103433200
2020-07-22,94.10079193115234,94.78038533647508,93.45263999834938,93.53970187859424,89001600
2020-07-23,89.81764221191406,93.91213304289855,89.00986960132232,93.83473979885208,197004400
2020-07-24,89.59515380859375,89.93858177491317,86.23829692519554,88.0207257853986,185438800
2020-07-27,91.71857452392578,91.81047808647506,90.43194679011566,90.6544431599045,121214000
2020-07-28,90.21187591552734,91.46706972799262,90.20703422382543,91.29051773530753,103625600
2020-07-29,91.9410629272461,92.124870021663,90.6568488727026,90.69312464643609,90329200
2020-07-30,93.0535888671875,93.15758190350233,90.71007737841838,91.11638090213245,158130000
2020-07-31,102.79524230957031,102.94518713128302,97.53745326363413,99.5302890268665,374336800
2020-08-03,105.38542938232422,107.99738887948055,104.37450494640413,104.67197372398552,308151200
2020-08-04,106.0892333984375,107.17755133558114,104.85338408077652,105.5740950606223,173071600
2020-08-05,106.4737319946289,106.79297357570742,105.34671784127644,105.81106990290206,121776800
2020-08-06,110.18852996826172,110.68190269913852,106.21738395051588,106.80507370575988,202428800
2020-08-07,107.6833267211914,110.1667423327947,106.88863402123575,109.71124638392962,198045600
2020-08-10,109.24847412109375,110.26364648269501,106.6051500806847,109.12490669471406,212403600
2020-08-11,105.99945831298828,109.01105257691337,105.74021214896973,108.5143723583924,187902400
2020-08-12,109.52226257324219,109.77908349339258,106.89347486656195,107.08729946496186,165598000
2020-08-13,111.46053314208984,112.46116903802795,110.41143740175444,110.89843148039117,210082000
2020-08-14,111.36119842529297,111.45084248513194,109.55617638834046,111.28609084035034,165565200
2020-08-17,111.07044982910156,112.50477691266525,110.44535925101356,112.48054699080019,119561600
2020-08-18,111.99598693847656,112.41998472569632,110.48897736471524,110.82333108852379,105633600
2020-08-19,112.13652038574219,113.54661780572758,112.04203328527555,112.4030347872071,145538000
2020-08-20,114.6247787475586,114.73865273876372,112.16074255230501,112.17770423893735,126907200
2020-08-21,120.53166961669922,121.0138133012155,115.56968146956478,115.58179273436723,338054800
2020-08-24,121.97325897216797,124.81041520723647,120.11251616944286,124.72560677695705,345937600
2020-08-25,120.97262573242188,121.31667291273054,119.25482982936344,120.84906568793242,211495600
2020-08-26,122.61773681640625,123.07323276693351,121.22217601375844,122.28580830184438,163022400
2020-08-27,121.15192413330078,123.55053882206776,120.0107589966192,123.21861029302171,155552400
2020-08-28,120.95565795898438,122.54019279849011,120.73275303132817,122.12346328551597,187630000
2020-08-31,125.05754852294922,126.95706531989478,122.11137580386827,123.64261546547715,225702700
2020-09-01,130.03892517089844,130.6398007655306,126.50157751038662,128.66275103381622,151948100
2020-09-02,127.3447036743164,133.72163230653712,123.0805031800758,133.34366914812884,200119000
2020-09-03,117.14938354492188,124.86372013453284,116.78111381462604,122.99329113592864,257599600
2020-09-04,117.22689819335938,119.88233348649146,107.46768160963626,116.36436621062012,332607200
2020-09-08,109.338134765625,115.31771368004287,109.202456054635,110.4332579025972,231366600
2020-09-09,113.6992416381836,115.4630720645518,111.70282021985868,113.641095738678,176940500
2020-09-10,109.98745727539062,116.78111596753853,109.02801283276419,116.6454372541948,182274400
2020-09-11,108.5434341430664,111.6737525060593,106.6051585333688,111.03411800577045,180860300
2020-09-14,111.79973602294922,112.35214426737836,109.31874564711791,111.17948842899139,140150100
2020-09-15,111.97417449951172,115.16263852668574,110.10373838004288,114.67806966043925,184642000
2020-09-16,108.66942596435547,112.41999215763813,108.5822071057358,111.6737592561301,154679000
2020-09-17,106.9346694946289,108.73726653223142,105.35497742143326,106.33380874471821,178011000
2020-09-18,103.5427017211914,107.45802017952268,102.81584821171265,106.99283807406057,287104900
2020-09-21,106.68270111083984,106.78930687065947,99.91811535962182,101.31367629258035,195713800
2020-09-22,108.35930633544922,109.37690408898602,105.791096813168,109.20245897106359,183055400
2020-09-23,103.81404876708984,108.65004455027305,103.47484460570544,108.17516907584385,150718700
2020-09-24,104.88008117675781,106.84742948908296,101.75945665626949,101.9242082877403,167743300
2020-09-25,108.8147964477539,108.96986205260443,104.3470703746047,105.08361720977464,149981400
2020-09-28,111.41207885742188,111.76096905147743,109.29935819072301,111.46053870423745,137672400
2020-09-29,110.56895446777344,111.75130404926564,110.06500594471166,111.01476446893967,99382200
2020-09-30,112.23582458496094,113.64107856003926,110.11341824056427,110.27816986021487,142675200
2020-10-01,113.18559265136719,114.0868910063814,112.25522134843862,114.00935821598722,116120400
2020-10-02,109.5319595336914,111.80943945830253,108.75665366895876,109.40597427158033,144712000
2020-10-05,112.90455627441406,113.04992842651572,110.04560265679896,110.39449286426901,106243800
2020-10-06,109.66764068603516,112.53628778325715,108.78572170928096,112.1292442741749,161498200
2020-10-07,111.52838134765625,111.98387730301256,110.6076959885073,111.08257884073628,96849000
2020-10-08,111.42179107666016,112.80765863820771,111.05351392426137,112.66228646720481,83477200
2020-10-09,113.36003875732422,113.38911170550134,111.37330350063716,111.72219366663035,100506900
2020-10-12,120.56076049804688,121.31668690372315,115.59877161292933,116.35469801860559,240226800
2020-10-13,117.36258697509766,121.5201890553274,115.957340112208,121.40388985664498,262330500
2020-10-14,117.44981384277344,119.23302386837867,115.92826777316701,117.26567529237093,150712000
2020-10-15,116.98464965820312,117.45952521831502,114.50365868985452,115.0560670662114,112559200
2020-10-16,115.34678649902344,117.79871153091253,115.1432684327753,117.53704016435405,115393800
2020-10-19,112.40060424804688,116.70357101200219,112.09048045069933,116.257768515436,120639300
2020-10-20,113.88338470458984,115.30801845057066,112.06140091237076,112.6138091614312,124423700
2020-10-21,113.26313018798828,115.04634007817563,112.85608671832885,113.06929820388042,89946000
2020-10-22,112.17770385742188,114.39703037608496,111.05350042518317,113.82523521136082,101988000
2020-10-23,111.4896240234375,112.9530243111908,110.75307715494814,112.79795869932553,82572600
2020-10-26,111.49930572509766,112.95301241046303,109.39627110087882,110.49140153597219,111850700
2020-10-27,113.00147247314453,113.66048651064561,111.0050508568626,111.92572886201872,92276800
2020-10-28,107.76810455322266,111.86756009765654,107.67119226626225,111.49929044963356,143937800
2020-10-29,111.7609634399414,113.32127578669785,108.73725104125917,108.90201007579887,146129200
2020-10-30,105.50035095214844,108.53374987611883,104.39553435267372,107.63245134560678,190272600
2020-11-02,105.4131088256836,107.26416545991421,104.00786205893465,105.74261950243951,122866900
2020-11-03,107.03158569335938,108.04917599163862,105.37436086993179,106.27565935922766,107624400
2020-11-04,111.40238952636719,112.02263714006965,108.88263267145909,110.61739025769825,138235500
2020-11-05,115.35646057128906,115.92825566569405,113.26312696012087,114.309790068738,126387100
2020-11-06,115.22541809082031,115.72052575840337,112.74013995422038,114.86621579666993,114457900
2020-11-09,112.92459869384766,118.42908863111414,112.66248329970261,116.982584063866,154515300
2020-11-10,112.58482360839844,114.15753088265224,110.79852956756876,112.17708523408758,138023400
2020-11-11,116.00205993652344,116.13797271482636,113.0410945158488,113.76920185962483,112295000
2020-11-12,115.7302474975586,117.011716271587,115.10892975298067,116.12828311248381,103162300
2020-11-13,115.77876281738281,116.17679092888272,114.42933797445366,115.95350885349471,81581900
2020-11-16,116.78841400146484,117.45826768159665,114.7011715913371,115.44869182782028,91183000
2020-11-17,115.90499114990234,117.14762661304611,115.48754260462515,116.06032428614111,74271000
2020-11-18,114.58466339111328,116.32241357747914,114.55554028628038,115.14773477351584,76322100
2020-11-19,115.17687225341797,115.58461058534773,113.4002885699786,114.1575190169027,74113000
2020-11-20,113.9148178100586,115.3030761134196,113.86628176431465,115.17687350645622,73604300
2020-11-23,110.52667999267578,114.18663661435309,110.42960050653552,113.75947798730789,127959300
2020-11-24,111.80815124511719,112.46830213663921,109.30346044434035,110.58493635731566,113874200
2020-11-25,112.64305877685547,113.34204301090116,111.80816176471099,112.17707422528561,76499200
2020-11-27,113.18670654296875,114.06043680969468,112.82751167148025,113.16729360668182,46691300
2020-11-30,115.57492065429688,117.43887387012144,113.40030116247651,113.5556343004744,169410200
2020-12-01,119.13776397705078,119.86587123009825,116.5068706581754,117.47768032890535,127728200
2020-12-02,119.48729705810547,119.76883284804072,117.36122077941418,118.45823341741635,89004200
2020-12-03,119.35137939453125,120.16685620942218,118.64268486156841,119.91444354480213,78967600
2020-12-04,118.6814956665039,119.27369022514605,117.97280126779268,119.02127760834182,78260400
2020-12-07,120.1377182006836,120.93378197653361,118.68150343461471,118.73974965511624,86712000
2020-12-08,120.74932098388672,121.33181279274314,119.49697544555106,120.73961821864586,82225500
2020-12-09,118.2252197265625,122.27349493369557,117.46798924542293,120.89494675486756,115089200
2020-12-10,119.64258575439453,120.25420060772244,116.64278732656992,116.98256924136862,81312200
2020-12-11,118.83683776855469,119.1766197360741,117.03113084780422,118.85625070668806,86939800
2020-12-14,118.2252197265625,119.74939086099992,117.99222744160214,119.021283489644,79184500
2020-12-15,124.14716339111328,124.16658373624205,120.50662638207584,120.71049556577894,157243700
2020-12-16,124.07920837402344,124.62285953660047,122.86569602420569,123.69089034743503,98208600
2020-12-17,124.94320678710938,125.79752407268884,124.30246882292478,125.13736576654637,94359800
2020-12-18,122.96277618408203,125.33155453096758,122.43853798895042,125.19564174778804,192541500
2020-12-21,124.4869613647461,124.56462794186098,119.84649077917257,121.37066217326294,121251600
2020-12-22,128.03038024902344,130.48652745671254,125.86546408305279,127.7682574980973,168904800
2020-12-23,127.13721466064453,128.56429095269402,126.96246125315511,128.30218306152528,88223700
2020-12-24,128.1177978515625,129.56431009529325,127.27319788547423,127.48677727215622,54930100
2020-12-28,132.6999969482422,133.33101740723168,129.61281401111586,130.07881339134244,124486200
2020-12-29,130.93312072753906,134.73869359094937,130.41859268818658,134.02030377703682,121047300
2020-12-30,129.81668090820312,132.02042318765425,129.50601467789232,131.62238763508645,96452100
2020-12-31,128.81671142578125,130.80687380939315,127.87502505129235,130.16613600158848,99116600
2021-01-04,125.63249206542969,129.70989001259753,123.05984477192808,129.62252069116946,143301900
2021-01-05,127.18577575683594,127.89447751624492,124.68108490808069,125.12766389601812,97664900
2021-01-06,122.9045181274414,127.22462614380248,122.69093878823239,123.99182776037331,155088000
2021-01-07,127.09841918945312,127.7877006759222,124.12774352599207,124.61314843344341,109578200
2021-01-08,128.19544982910156,128.75852134682515,126.42856870658443,128.56434751676753,105158200
2021-01-11,125.21504974365234,126.37031583011212,124.7490651654895,125.41892632912634,100384500
2021-01-12,125.04029846191406,125.90431854480057,123.1569251813032,124.74905257493837,91951100
2021-01-13,127.0693130493164,127.61296424812167,124.73937510775554,125.00148312714683,88636800
2021-01-14,125.14708709716797,127.1760758978846,125.00145674818756,126.9819169126251,90221800
2021-01-15,123.42875671386719,126.41885265934873,123.29284393513538,125.02088418474625,111598500
2021-01-19,124.09861755371094,124.95293491139884,123.23459743091543,124.05007410140924,90757300
2021-01-20,128.17599487304688,128.62257382285637,124.79758149233558,124.90437114467832,104319500
2021-01-21,132.874755859375,135.5930267381697,129.69050034270776,129.8943769543058,120150900
2021-01-22,135.01052856445312,135.76775903778582,131.07874583699044,132.30196087543968,114459400
2021-01-25,138.74815368652344,140.85480946109453,132.55438158085332,138.89378406433565,157611700
2021-01-26,138.98114013671875,140.08786276088446,137.2433822290361,139.40829883611298,98390600
2021-01-27,137.91322326660156,140.08784232197448,136.31139319096383,139.24322781199024,140843800
2021-01-28,133.0883331298828,137.8453107957744,132.70971784009862,135.44740902267984,142621100
2021-01-29,128.10806274414062,132.7485322226158,126.40914566020653,131.86509178375854,177523800
2021-02-01,130.22445678710938,131.42826655671627,127.10815007398598,129.84584146807433,106239800
2021-02-02,131.04962158203125,132.33108282824628,130.68070911395654,131.76801136085197,83305400
2021-02-03,130.0303497314453,131.80693457364228,129.70998051596146,131.7972169888937,89880900
2021-02-04,133.3795623779297,133.38926514344305,130.66129188255576,132.3213832150557,84183100
2021-02-05,132.96630859375,133.6080039296229,132.09128028884282,133.53995342549268,75693800
2021-02-08,133.1121826171875,133.16079860710033,131.1773789685877,132.2565886683768,71297200
2021-02-09,132.23712158203125,134.0552584795755,132.08157120488215,132.83020097423812,76774200
2021-02-10,131.6343536376953,133.18997643259982,130.6718103643523,132.6941140635208,73046600
2021-02-11,131.38156127929688,132.6066041234454,130.05928645451803,132.13019115518452,64280000
2021-02-12,131.6148681640625,131.77043336797686,129.98147802950479,130.62317336901577,60145100
2021-02-16,129.495361328125,132.2371278628611,129.10644827799214,131.73156315096224,80576300
2021-02-17,127.21055603027344,128.55228022303262,125.87856393692216,127.60918638254499,97918500
2021-02-18,126.11192321777344,126.39387225132121,123.87572097237708,125.61606083959396,96856700
2021-02-19,126.2674560546875,127.08416608284661,125.2271451192894,126.62720249840024,87668800
2021-02-22,122.50482177734375,126.1216319880877,122.11591609767342,124.45906002205308,103916400
2021-02-23,122.36869812011719,123.19511800076138,115.10591153263685,120.32695270389084,158273000
2021-02-24,121.87284088134766,122.07701467726875,118.83939315022482,121.4742179705755,111039900
2021-02-25,117.63379669189453,122.9520628532438,117.19628243074794,121.22144033722896,148199500
2021-02-26,117.89630889892578,121.38672049171518,117.83796822554648,119.18940971098537,164560400
2021-03-01,124.24517822265625,124.38129410804099,119.38387540817448,120.31724465842385,116307900
2021-03-02,121.64923095703125,125.14936711599789,121.5422817134225,124.84796874824156,102260900
2021-03-03,118.67412567138672,122.22287832128721,118.46022715397075,121.34784230356715,112966300
2021-03-04,116.79765319824219,120.1713983779594,115.3295451588436,118.37271790565526,178155000
2021-03-05,118.0518569946289,118.55743656088569,114.30865590625393,117.62406745905575,153766600
2021-03-08,113.13223266601562,117.6435208042625,112.98639210708664,117.57546286579684,154376600
2021-03-09,117.73101043701172,118.67410422916818,115.4948159266102,115.72815634992203,129525800
2021-03-10,116.65180969238281,118.78105499068555,116.13650543340157,118.31437413808155,111943300
2021-03-11,118.57689666748047,119.79222236399583,117.89631724453561,119.14080957092585,103026500
2021-03-12,117.67267608642578,117.80879195023273,115.85455386939371,117.06015469929451,88105100
2021-03-15,120.55058288574219,120.56030756816384,117.07961303714333,118.04215631738552,92403800
2021-03-16,122.08674621582031,123.69097746560344,121.26032630464678,122.21313740579694,115227900
2021-03-17,121.29922485351562,122.36870994462072,118.94634875177347,120.60892077273179,111932600
2021-03-18,117.18657684326172,119.76306909077105,116.98240299360765,119.4713879239737,121229700
2021-03-19,116.66153717041016,118.0615946863235,116.36013878430732,116.5740372845451,185549500
2021-03-22,119.96722412109375,120.4339124312078,116.92405138540522,116.99210932461362,111912300
2021-03-23,119.14078521728516,120.79362485958434,118.7518795903448,119.90887179060896,95467100
2021-03-24,116.75874328613281,119.4907999468216,116.7393013427106,119.41301733761696,88530500
2021-03-25,117.24488830566406,118.28521414548541,115.6989976953015,116.22401924724316,98844700
2021-03-26,117.84768676757812,118.11020123971099,115.6212094750368,117.01154219770642,94071200
2021-03-29,118.02269744873047,119.1796897776827,117.3810093980004,118.27548724702227,80819200
2021-03-30,116.57400512695312,117.06013525057031,115.56285357969853,116.77817888874151,85671900
2021-03-31,118.76162719726562,120.0936193981419,117.78936665110342,118.27549692418452,118323800
2021-04-01,119.58804321289062,120.7353109160336,119.09218827381586,120.22973871260609,75089100
2021-04-05,122.4075927734375,122.66038256872103,119.65609390540438,120.43390523654203,88651200
2021-04-06,122.7090072631836,123.60348521908364,122.16454371050696,122.99096372232243,80171300
2021-04-07,124.35211944580078,124.37156139198876,121.66867838856395,122.33954050731289,83466700
2021-04-08,126.743896484375,126.77306311647119,124.95494048338279,125.37300543377471,88844600
2021-04-09,129.31063842773438,129.34952231767917,125.87856026382458,126.19940798905769,106686700
2021-04-12,127.59944915771484,129.16478885922183,127.00636977178947,128.84394117481807,91420000
2021-04-13,130.70094299316406,130.9245735402874,128.27029228063316,128.76615452071883,91266500
2021-04-14,128.3675537109375,131.25516860713591,128.00782207026887,131.19683535032675,87222800
2021-04-15,130.76904296875,131.2551732400093,129.93289830876327,130.10791292088626,89347100
2021-04-16,130.43849182128906,130.93433940993674,129.5828977054859,130.57460771830137,84922400
2021-04-19,131.099609375,131.71213827061115,129.6412185458448,129.80650105955348,94264200
2021-04-20,129.41758728027344,131.77045575605666,128.15364574587304,131.27460827428777,94812300
2021-04-21,129.7967987060547,130.0398638721709,127.65782821133615,128.6884221419856,68847100
2021-04-22,128.28001403808594,130.42870078687824,127.76471731540651,129.34949136408457,84566500
2021-04-23,130.5940399169922,131.37183646308597,128.49395363729542,128.49395363729542,78657500
2021-04-26,130.98292541503906,131.31349039844014,129.85509976347652,131.08987465502372,66905100
2021-04-27,130.662109375,131.65381940116677,130.38987757731036,131.26490623623846,66015800
2021-04-28,129.8745880126953,131.27464581514576,129.38845765548453,130.58433418027712,107760100
2021-04-29,129.77734375,133.2677706601101,128.775916495569,132.68440835234537,151101000
2021-04-30,127.81341552734375,129.85515437362923,127.43423439621051,128.12453127917266,109839500
2021-05-03,128.86338806152344,130.35096013574108,128.17309147912826,128.3772578570978,75135100
2021-05-04,124.30349731445312,127.84253218435018,123.18539631101322,127.55085108162373,137564700
2021-05-05,124.54658508300781,126.83138852361431,124.42018646140798,125.61606280982821,84000900
2021-05-06,126.14110565185547,126.150822917844,123.60349727215355,124.342417464098,78128300
2021-05-07,126.81305694580078,127.83565240633816,126.10209066051581,127.43635987844797,78973300
2021-05-10,123.5407485961914,126.16056709673003,123.50179122048604,126.03396862881701,88071200
2021-05-11,122.62525939941406,122.97586087179818,119.5671689854115,120.27812799107281,126142800
2021-05-12,119.56717681884766,121.3883949923918,119.06074583190636,120.18074615402475,112172300
2021-05-13,121.70979309082031,122.85900963548862,121.01831640984287,121.32996797634482,105861300
2021-05-14,124.12507629394531,124.55359993393608,122.56681864446786,122.95638491442686,81918000
2021-05-17,122.97584533691406,123.61863072086233,121.90454379402466,123.51149982353762,74244600
2021-05-18,121.59291076660156,123.67708183593513,121.52473722434705,123.2582993819835,63342900
2021-05-19,121.43708801269531,121.66108360866002,119.65482729355216,119.94700386173781,92612000
2021-05-20,123.98873901367188,124.38804651528841,121.83639430422342,121.96300762442338,76857100
2021-05-21,122.15778350830078,124.66073707262268,121.94352167759979,124.48543261389995,79295400
2021-05-24,123.78421020507812,124.60230012567476,122.65447618088876,122.72264972174192,63092900
2021-05-25,123.58941650390625,124.97237699199731,123.02454584189425,124.48541363170318,72009500
2021-05-26,123.5407485961914,124.06666202267431,123.12196609530832,123.64787952179124,56575900
2021-05-27,122.0116958618164,124.3101288080937,121.81691643126096,123.1414373640431,94625600
2021-05-28,121.35917663574219,122.51813430989525,121.30074429262824,122.29413127736017,71311100
2021-06-01,121.03778839111328,122.07987398745031,120.7066618606694,121.81692100329542,67637100
2021-06-02,121.79744720458984,121.97275168319568,120.81380131441908,121.03779694075112,59278900
2021-06-03,120.31710052490234,121.5929229854548,119.91779300131472,121.4273597133934,76229200
2021-06-04,122.60575866699219,122.86871901991061,120.61897765863391,120.83323944831336,75169300
2021-06-07,122.61551666259766,123.0245579005518,121.57343116760482,122.87846962118002,71057600
2021-06-08,123.43360137939453,125.10873859219605,122.91742922255409,123.29725429760116,74403800
2021-06-09,123.81341552734375,124.41724357225148,123.2193286818069,123.89133026159469,56877900
2021-06-10,122.82005310058594,124.84579201187799,122.65448983014099,123.70630923030153,71186400
2021-06-11,124.0276870727539,124.1153430132604,122.81029711830921,123.22907955985254,53522400
2021-06-14,127.07601165771484,127.13444398991092,123.75497617492034,124.48541004880167,96906500
2021-06-15,126.2579574584961,127.19291956440452,126.01447944620644,126.55013404538738,62746300
2021-06-16,126.75467681884766,127.47537725318489,125.10877755487219,126.96893870849597,91815000
2021-06-17,128.35183715820312,129.09201968074376,126.26766637763058,126.41376207268152,96721700
2021-06-18,127.05654907226562,128.0791446469785,126.84228727205331,127.30002703971456,108953300
2021-06-21,128.84854125976562,128.95567215813708,125.83915719739741,126.90071755171388,79663300
2021-06-22,130.48471069335938,130.5821078265205,128.18627804148716,128.68298261560656,74783600
2021-06-23,130.21205139160156,130.81588702946803,129.75431149256474,130.2802323751994,60214200
2021-06-24,129.92958068847656,131.12748807728477,129.46209231078763,130.94244245203893,68711000
2021-06-25,129.63742065429688,130.39707078875628,129.3452440962624,129.97829578212327,70783700
2021-06-28,131.26382446289062,131.72156417420152,129.8711377936739,129.9295701209538,62111300
2021-06-29,132.7734375,132.92926700154416,130.84509571572818,131.28335318569188,64556100
2021-06-30,133.38697814941406,133.82523552499876,132.32540290188453,132.61757943917965,63261400
2021-07-01,133.68890380859375,133.74733615062,132.218287184251,133.03638455477136,52485800
2021-07-02,136.30873107910156,136.34768102067733,134.1563790042736,134.30245986108,78852600
2021-07-06,138.31495666503906,139.41546688315523,136.4158316454704,136.4158316454704,108181800
2021-07-07,140.79844665527344,141.11009072715532,138.9382714107099,139.79530375392193,104911600
2021-07-08,139.50314331054688,140.3017433261173,137.00018264096806,137.88644602005195,105575500
2021-07-09,141.32437133789062,141.85027728075062,138.92854127199598,139.02593841657492,99890800
2021-07-12,140.73028564453125,142.50281263838897,140.24332963884083,142.39568172270836,76299700
2021-07-13,141.84054565429688,143.61307265954179,139.882987848704,140.2725467114718,100827100
2021-07-14,145.2589874267578,145.6680435964864,143.8273354148668,144.23639158459537,127050800
2021-07-15,144.60646057128906,146.08681108461445,143.2527233830004,145.3466432583112,106820300
2021-07-16,142.5709686279297,145.85304711779946,142.0742788872529,144.58697348148013,93251400
2021-07-19,138.73374938964844,140.31149679803218,137.97409928442224,139.99983785193092,121434600
2021-07-20,142.3372344970703,143.26246279631377,139.23046766424767,139.71742366986297,96350000
2021-07-21,141.60679626464844,142.31776271135624,140.85689473808662,141.7334095777614,74993500
2021-07-22,142.97027587890625,144.33374665171397,142.00609770767423,142.13271101540525,77338200
2021-07-23,144.6843719482422,144.8402014430063,143.0871567787064,143.700726126391,71447400
2021-07-26,145.10311889648438,145.92120121070477,143.84676440041136,144.40190123837715,72434100
2021-07-27,142.94107055664062,145.31741825019225,141.7528967098648,145.22975487472473,104818600
2021-07-28,141.19776916503906,143.13585955365372,138.82142131266863,141.03220589476328,118931200
2021-07-29,141.84054565429688,142.72680915691933,140.80820129331602,140.91533220968486,56699500
2021-07-30,142.05482482910156,142.51256472212955,140.35047859016916,140.61343902803458,70440600
2021-08-02,141.72369384765625,143.11638102630255,141.46073341799487,142.5417764502479,62880000
2021-08-03,143.5156707763672,144.17792379335657,141.3925349204239,142.00610422671278,64786600
2021-08-04,143.11639404296875,143.93447671996634,142.46387465578823,143.4280530784273,56368300
2021-08-05,143.22349548339844,143.98314564998552,142.35671440302508,143.14558074057953,46397700
2021-08-06,142.5407257080078,143.48683682415765,142.04329182669468,142.74556017853746,54126800
2021-08-09,142.49197387695312,143.0869508994325,141.936020036627,142.59926530339968,48908700
2021-08-10,142.01406860351562,144.0721026616934,141.72145423409515,142.83337693150492,69023100
2021-08-11,142.26763916015625,143.10645895995768,141.94576488875748,142.45296206335397,48493500
2021-08-12,145.22299194335938,145.37905487994794,142.24810732768088,142.58949314109574,72282600
2021-08-13,145.4278564453125,145.75947909182239,144.61829653790267,145.30105342277125,59375000
2021-08-16,147.39805603027344,147.46633914191412,142.86258697892168,144.88159714502063,103296000
2021-08-17,146.49099731445312,147.94429082183916,145.4180830822368,146.53000561245062,92229700
2021-08-18,142.7553253173828,147.00794422226895,142.55049082276733,146.1106045300614,86326000
2021-08-19,143.08694458007812,144.35493005036025,140.94113102889904,141.45807654722455,86960300
2021-08-20,144.5402374267578,144.84260006919433,143.1649606824682,143.80870914358007,60549600
2021-08-23,146.02284240722656,146.49101645929602,144.24765951519495,144.65731367112883,60131800
2021-08-24,145.93504333496094,147.14450905669656,145.47661765156835,145.76923200651873,48606400
2021-08-25,144.70603942871094,146.61777310120064,144.15983406027962,146.12032437546637,58991300
2021-08-26,143.90625,145.44733817166107,143.87699005673284,144.6963131171606,48597200
2021-08-27,144.94015502929688,145.08645474475415,143.21374397198983,143.84772924961433,55802400
2021-08-30,149.34881591796875,149.70971334019745,144.9498976782118,145.33029180641267,90956700
2021-08-31,148.09060668945312,149.03671791602926,147.5638979226051,148.90016654739884,86453100
2021-09-01,148.75384521484375,151.1630130890743,148.58803390921838,149.06597111930256,80313700
2021-09-02,149.86573791503906,150.90939195726816,148.6465242486851,150.0803207109557,71115500
2021-09-03,150.4998016357422,150.82167596581917,149.3195957587932,149.97309277453053,57808700
2021-09-07,152.83090209960938,153.38685589495006,150.58754556278473,151.15326259436534,82278300
2021-09-08,151.28982543945312,153.1722846868866,150.1876512353804,153.11376479693286,74420200
2021-09-09,150.27545166015625,152.2652024090621,150.15839699282031,151.6604770125975,57305700
2021-09-10,145.301025390625,151.65068551937273,145.03767104191758,151.18251158621138,140893200
2021-09-13,145.8667755126953,147.69071501388157,145.08647552487224,146.92017826380882,102404300
2021-09-14,144.47193908691406,147.34929527061283,143.2917485822126,146.64702700212126,109296300
2021-09-15,145.3595733642578,145.7594791408811,142.76508231790012,144.90114769505237,83281300
2021-09-16,145.1254425048828,145.30101702156867,143.5941177955223,144.7840715894616,68034100
2021-09-17,142.4626922607422,145.15472586644688,142.17007797103764,145.15472586644688,129868800
2021-09-20,139.4195556640625,141.27275491051466,137.79068761664803,140.2583754550107,123478900
2021-09-21,139.8975067138672,141.0387042995896,139.26352128445325,140.38519239279663,75834000
2021-09-22,142.25784301757812,142.82354500795793,140.1607867810486,140.89231491130772,76404300
2021-09-23,143.2137451171875,143.457587900221,142.0530510886709,143.03817057425258,64838200
2021-09-24,143.30149841308594,143.8379554130243,141.97499332368358,142.0725363720286,53477900
2021-09-27,141.7897186279297,142.36519899589,140.27790504587242,141.88726170941032,74150700
2021-09-28,138.4149169921875,141.18496735666514,138.2003341585889,139.7219107001194,108972300
2021-09-29,139.31228637695312,140.89238314094982,138.531986350207,138.96115210906663,74602000
2021-09-30,138.01498413085938,140.82405712165914,137.80040133945224,140.1217888739592,89056700
2021-10-01,139.13668823242188,139.40004260947205,135.68388091891475,138.40515987182454,94639600
2021-10-04,135.71311950683594,138.70751560218017,134.8645515046284,138.26858674850567,98322000
2021-10-05,137.63462829589844,138.73680249578317,135.92772872481194,136.0545317412187,80861100
2021-10-06,138.50271606445312,138.6490157972431,134.9621137010957,136.03502801816884,83221100
2021-10-07,139.7609405517578,140.66804355787346,139.2049866756737,139.53660933038944,61732700
2021-10-08,139.38052368164062,140.62899749402928,139.04890108087716,140.48269778280476,58773200
2021-10-11,139.29273986816406,141.24348200456123,138.31736879996546,138.76604603984862,64452200
2021-10-12,138.0247802734375,139.72193160685052,137.56635459515326,139.70242001460875,73035900
2021-10-13,137.43955993652344,137.9174823014052,135.77166862906188,137.76143421982243,78762700
2021-10-14,140.21934509277344,140.3363997461316,138.024760100328,138.60998871817293,69907100
2021-10-15,141.2727508544922,141.3312707409973,139.97550546602724,140.22911148485912,67940300
2021-10-18,142.94064331054688,143.22349439217342,139.63413574665708,139.91698682828363,85589200
2021-10-19,145.09620666503906,145.49611240776287,142.94064476173952,143.38930715549284,76378900
2021-10-20,145.58389282226562,146.0618300447265,144.47197030405582,145.03768735830047,58418800
2021-10-21,145.79844665527344,145.95450958049068,144.22809881735165,145.14494989927837,61421000
2021-10-22,145.02792358398438,146.48121692115393,144.97915205496275,146.00329463249273,58883400
2021-10-25,144.9791717529297,145.69118854784608,143.98428898104416,145.0181800516583,50720600
2021-10-26,145.64244079589844,147.1249943659197,145.34006320959406,145.65218915043056,60893400
2021-10-27,145.18399047851562,146.04230690415662,144.83285629616836,145.68142436893194,56094900
2021-10-28,148.8123779296875,149.39759166799496,146.03256430303534,146.1301073675776,100077900
2021-10-29,146.11061096191406,146.24716233667445,142.8041031388741,143.59415144162946,124953200
2021-11-01,145.29127502441406,146.0130400607468,144.15984105888933,145.32053496464482,74588300
2021-11-02,146.32516479492188,147.83699285465968,144.98889637520205,144.9986596105235,69122000
2021-11-03,147.7589569091797,148.22713081802038,146.13008913879244,146.686042864982,54511500
2021-11-04,147.2420196533203,148.67580139860405,146.92989377476803,147.84674493928904,60394600
2021-11-05,147.76947021484375,148.6681193629179,146.57777973692555,148.36531545380285,65463900
2021-11-08,146.948974609375,148.0527572213007,146.67547332752292,147.8964665160418,55020900
2021-11-09,147.31040954589844,147.9160175036458,146.57781350486675,146.71456416967115,56787900
2021-11-10,144.48744201660156,146.64616444006643,144.41907415140022,146.53871644786318,65187100
2021-11-11,144.43861389160156,145.96241109507744,144.25302053135974,145.50333134171993,41000000
2021-11-12,146.50941467285156,146.90988909643477,144.05765090115398,144.98560270947831,63804000
2021-11-15,146.51922607421875,148.35560514385503,145.96244586087764,146.88063539569578,59222800
2021-11-16,147.49598693847656,147.97462166575806,145.87450429964008,146.46058703081326,59256200
2021-11-17,149.92820739746094,151.40316186672771,147.48622091573952,147.49598349597346,88807000
2021-11-18,154.2065887451172,154.9880275581461,149.49844560723523,150.14313374583702,137827700
2021-11-19,156.82437133789062,157.28346597858675,152.89765298958213,153.9916581394781,117305600
2021-11-22,157.28347778320312,161.8548695638248,157.26393771700205,157.9281509208038,117467900
2021-11-23,157.6644287109375,158.04537802988585,155.36895531169498,157.3811499145866,96041900
2021-11-24,158.1820831298828,158.3774390235201,155.93545309130553,157.01969544139678,69463600
2021-11-26,153.1711883544922,156.72672078738918,152.73163368073872,155.867151508964,76959800
2021-11-29,156.52159118652344,157.44954318891868,155.10522691977297,155.67176964553224,88748200
2021-11-30,161.464111328125,161.67900728055164,156.20895288101778,156.27733564074407,174048100
2021-12-01,160.94642639160156,166.3480985309432,160.71199035690174,163.59353101584716,152052500
2021-12-02,159.9598846435547,160.38967666927002,154.13819694441963,155.0563862894109,136739200
2021-12-03,158.08445739746094,161.13206712633752,156.0136573148525,160.2138776845153,118023100
2021-12-06,161.4836883544922,163.98428011365826,160.46781363689186,160.47757621707362,107497000
2021-12-07,167.2077178955078,167.5984447377344,164.43362438687151,165.15645786646198,120405400
2021-12-08,171.01718139648438,171.87676531869016,166.73881675330688,168.13564062689133,116998900
2021-12-09,170.50926208496094,172.64844463234323,169.8841141404718,170.85114615502485,108923700
2021-12-10,175.2858123779297,175.46164318083981,170.63627480069655,171.1442122366866,115402700
2021-12-13,171.66188049316406,177.90359710458122,171.4567470785072,176.9170250648393,153237000
2021-12-14,170.2846221923828,173.6154957034132,168.21382219359762,171.18327152968024,139380400
2021-12-15,175.13929748535156,175.33465344975855,168.31149697974806,171.04652519555987,131063300
2021-12-16,168.26266479492188,176.93660728082307,166.78771003091353,175.11976837917365,150185800
2021-12-17,167.16864013671875,169.44457351876034,165.75229083845704,165.98671202152144,195432700
2021-12-20,165.8109130859375,166.6216545378973,163.5740596088574,164.37502357405398,107499100
2021-12-21,168.9757080078125,169.1808265329912,165.1955026634982,167.57888393978646,91185900
2021-12-22,171.564208984375,171.77910499631244,168.15519034473417,169.02453697313442,92135300
2021-12-23,172.18934631347656,172.74612637491737,171.20278915942293,171.76933180091095,68356600
2021-12-27,176.14540100097656,176.233308952318,172.9610554465104,172.98058061033834,74919600
2021-12-28,175.12953186035156,177.1222015844957,174.38717318344425,175.97935346537145,79144300
2021-12-29,175.21742248535156,176.43841575185178,174.0061917992903,175.16857977375096,62348900
2021-12-30,174.06480407714844,176.3798175385403,173.95735606919604,175.30533745901636,59773000
2021-12-31,173.44940185546875,175.07086935429706,173.14658304866205,173.9573242504266,64062300
2022-01-03,177.78634643554688,178.63616771335631,173.58614236707933,173.703352927591,104487900
2022-01-04,175.53001403808594,178.69483440178558,174.9634712930882,178.3920304132724,99310400
2022-01-05,170.8609161376953,175.9890879826122,170.587414831676,175.4420853705736,94537600
2022-01-06,168.0086669921875,171.23209207239668,167.65702034880644,168.6924202141222,96904000
2022-01-07,168.1747283935547,170.09901499255682,167.06118311991872,168.8780217142409,86709100
2022-01-10,168.1942901611328,168.4970941484729,164.26757109809446,165.15645789652865,106765600
2022-01-11,171.01718139648438,171.11485190283432,166.8560422275084,168.32123396506768,76138300
2022-01-12,171.45675659179688,173.06846173538992,170.7632407657719,172.0330618342014,74805200
2022-01-13,168.1942901611328,172.52148374355693,167.80356331883507,171.7009797317892,84505800
2022-01-14,169.05386352539062,169.74737940608347,167.11979931497876,167.36399798657283,80440800
2022-01-18,165.85971069335938,168.5361181103695,165.478761430844,167.53002095796475,90956700
2022-01-19,162.37258911132812,167.11004966883394,162.08932518842298,166.0551095373263,94815000
2022-01-20,160.69247436523438,165.74250066133902,160.3701303584997,163.10515822088573,91420500
2022-01-21,158.6412353515625,162.4702688967568,158.53378733529433,160.60458738914824,122848900
2022-01-24,157.86953735351562,158.53376542721094,151.11012055841888,156.30667494751387,162294600
2022-01-25,156.072265625,158.98310983768695,153.3763174519784,155.29082683573563,115798400
2022-01-26,155.984375,160.57530790290645,154.1577733646561,159.70596106577034,108275300
2022-01-27,155.52523803710938,160.03802433796415,154.60704872462142,158.68028043462846,121954600
2022-01-28,166.37744140625,166.39698147337538,159.0221785798324,161.86465470605705,179935700
2022-01-31,170.7241668701172,170.93906288440527,165.576454917367,166.21138037947398,115541600
2022-02-01,170.55810546875,170.78276405312576,168.31147491088436,169.97202274767105,86213900
2022-02-02,171.75955200195312,171.79863213102016,169.30780301992357,170.69484950775998,84914300
2022-02-03,168.88778686523438,172.15029228212393,168.12588824034546,170.43112418107953,89418100
2022-02-04,168.6041717529297,170.27662529840396,166.93171820745542,167.90975737649003,82465400
2022-02-07,167.89019775390625,170.12990075671365,167.19578341710826,169.0638417050099,77251200
2022-02-08,170.9905548095703,171.49913925228722,167.6652133594248,167.95862803498034,74829200
2022-02-09,172.40875244140625,172.77062217708496,171.05905354274313,172.1838075995271,71285000
2022-02-10,168.340087890625,171.62629991772872,167.78261335475796,170.31573108381698,90865900
2022-02-11,164.9365234375,169.27901969811438,164.34969397169522,168.545490327705,98670700
2022-02-14,165.1712188720703,165.8558431366665,162.90216139662053,163.6943705402025,86185500
2022-02-15,168.99539184570312,169.15188170406051,166.51117876998032,167.21536820889426,62527400
2022-02-16,168.76065063476562,169.53329496166765,166.31555287107355,168.0760262456703,61177400
2022-02-17,165.1712188720703,168.1346756288642,164.77021933006054,167.27399659697775,69589300
2022-02-18,163.62594604492188,166.7947832093295,162.54032203615824,166.09060878011084,82772700
2022-02-22,160.7113800048828,163.02932772220805,158.58902218443671,161.35687442039574,91162800
2022-02-23,156.55471801757812,162.5011823133144,156.24173835796486,161.90457789540673,90009200
2022-02-24,159.16612243652344,159.27370735740539,148.66197489078866,149.22923948055748,141147500
2022-02-25,161.22976684570312,161.4938266826065,157.3371601146723,160.24193771015948,91974200
2022-02-28,161.49380493164062,161.78721963459702,158.86287747049465,159.47904685433394,95056600
2022-03-01,159.615966796875,162.94130845487337,158.4129829679633,161.08302534266187,83474400
2022-03-02,162.90223693847656,163.68467142814512,159.3715141755355,160.7798932721996,79724800
2022-03-03,162.57945251464844,165.20060533866413,161.91439302006907,164.77026570160976,76678400
2022-03-04,159.58663940429688,161.91437725608384,158.54014531943216,160.87765818976635,83737200
2022-03-07,155.8016357421875,161.3960207362876,155.54733601828758,159.7724722055909,96418800
2022-03-08,153.9824676513672,159.30300237550088,152.37848423515257,155.33216629168248,131148300
2022-03-09,159.37147521972656,159.8213797915154,155.90922322313332,157.9337564869507,91454900
2022-03-10,155.03875732421875,156.86768560681452,152.55452973284972,156.68185579600046,105342000
2022-03-11,151.33200073242188,155.78208206231224,151.10705589580672,155.4397623739769,96970100
2022-03-14,147.31227111816406,150.7354085874783,146.80370143921206,148.12404550887342,108732100
2022-03-15,151.68408203125,152.1535515492418,147.0775261791108,147.58609577139651,92964300
2022-03-16,156.0852813720703,156.48628104894496,151.06795013405093,153.60106822684398,102300200
2022-03-17,157.09266662597656,157.46432633327734,154.16833868809496,155.1268130175759,75615400
2022-03-18,160.37889099121094,160.86791067400716,156.25156367451518,156.9850931987095,123511700
2022-03-21,161.7481231689453,162.69682236043158,159.4301601813594,159.9191797677464,95811400
2022-03-22,165.11257934570312,165.6993938917205,161.28844262082922,161.87525716684658,81532000
2022-03-23,166.47206115722656,168.8486892835288,163.9682682338466,164.3008129085659,98062700
2022-03-24,170.2472381591797,170.3156931217297,166.47200741548758,167.30333152467634,90131400
2022-03-25,170.88299560546875,171.43069512284325,168.95625735233114,170.061446329407,80546200
2022-03-28,171.7436981201172,171.87083307439428,168.22275085370143,168.38901573521346,90371900
2022-03-29,175.02989196777344,175.0787819860724,172.46741925958432,172.8097389298353,100589400
2022-03-30,173.8660430908203,175.66563174403498,172.81953392128133,174.62891251824163,92633200
2022-03-31,170.7754364013672,174.12032889178556,170.57004158960083,173.9344990439243,103049300
2022-04-01,170.4819793701172,171.03946877548313,168.16403166582776,170.2081296381206,78751300
2022-04-04,174.52134704589844,174.5702519989907,170.6091895776602,170.7363394709608,76468400
2022-04-05,171.21554565429688,174.38439814013864,170.58960114244232,173.60196376939686,73401800
2022-04-06,168.0564727783203,169.81694627331598,166.3938091700385,168.57483234577828,89058800
2022-04-07,168.3596649169922,169.55287391806212,166.11996174699982,167.401190693142,77594700
2022-04-08,166.35467529296875,168.00756384278074,165.48422104719532,168.00756384278074,76575500
2022-04-11,162.10997009277344,165.31793693449984,161.8654603339608,165.00497220353915,72246700
2022-04-12,163.9780731201172,166.13953162244414,162.98046885243798,164.33016786613953,79265200
2022-04-13,166.65785217285156,167.28379658301122,163.10758048377514,163.71395993382896,70618900
2022-04-14,161.66006469726562,167.50874884154206,161.41555493977322,166.87301451784703,75329400
2022-04-18,161.44493103027344,162.94132974863555,159.977872292766,160.32017704396847,69023900
2022-04-19,163.72373962402344,164.13452917950872,160.31039271090148,161.3960167105301,67723800
2022-04-20,163.55747985839844,165.17125338034182,162.45230578739907,165.05387853639598,67929800
2022-04-21,162.76527404785156,167.7630547165198,162.266479452362,165.20059691129774,87227800
2022-04-22,158.2369384765625,164.1834179598548,157.95331370568275,162.8043941791054,84882400
2022-04-25,159.30303955078125,159.58666436994497,154.98010780953732,157.5816809008669,96046400
2022-04-26,153.3565673828125,158.77489861463468,153.27832244686797,158.68687865808295,95623200
2022-04-27,153.131591796875,156.28086402556207,151.96772285920957,152.48608239761126,88063200
2022-04-28,160.04632568359375,160.9070049099631,155.43975472715812,155.7527344180899,130216800
2022-04-29,154.1878662109375,162.55010393809633,153.79665651995063,158.28585264208988,131747600
2022-05-02,154.49105834960938,154.75511815394006,149.9040527150275,153.26850950984627,123055300
2022-05-03,155.97764587402344,157.1806445145201,152.88705416758032,154.67685229380245,88966500
2022-05-04,162.3740692138672,162.82395888042848,155.76251479077115,156.1635144371754,108256500
2022-05-05,153.3271942138672,160.47665766238154,151.5471558846843,160.25171284753384,130525300
2022-05-06,154.052001953125,156.16767394547392,151.0156200226824,152.8080631040653,116124600
2022-05-09,148.9391632080078,152.6317930294346,148.3808694909006,151.7502553954864,131577900
2022-05-10,151.33883666992188,153.52307898712107,149.7912627423493,152.32811702969943,115366700
2022-05-11,143.49325561523438,152.25956414663153,142.81741468212965,150.3495886480442,142689800
2022-05-12,139.63412475585938,143.19941752795359,135.95129962230052,139.8398213340432,182602000
2022-05-13,144.09071350097656,145.0604001115948,140.17280954058904,141.62242982115953,113990900
2022-05-16,142.5529327392578,144.49230601105745,141.22084476017127,142.56273706460962,86643800
2022-05-17,146.177001953125,146.6961230315545,143.66953086740642,145.80479629477273,78336300
2022-05-18,137.9298553466797,144.33562356857507,137.02872402723415,143.83609605190958,109742900
2022-05-19,134.53102111816406,138.7525598644923,133.79641419166288,137.0090939545788,136095600
2022-05-20,134.76609802246094,137.8122689524701,129.88831177177445,136.2353120090451,137426100
2022-05-23,140.17282104492188,140.31973647724712,134.82487512400195,134.9620011760451,117726300
2022-05-24,137.47927856445312,139.05623582746938,134.51146690573626,137.92003986063096,104132700
2022-05-25,137.63600158691406,138.87992561613757,135.50073567160547,135.5888849437953,92482700
2022-05-26,140.82907104492188,141.37757526410218,134.32535040420584,134.57021942674126,90601500
2022-05-27,146.56881713867188,146.6079896103765,142.27870662441157,142.4060433122878,90978500
2022-05-31,145.7852325439453,147.56788638378129,143.82628016379354,146.01052282850958,103718400
2022-06-01,145.65786743164062,148.62567820823514,144.6489935062906,146.82343119645515,74286600
2022-06-02,148.1066131591797,148.16537934399943,143.84588541228797,144.79597858853165,72348100
2022-06-03,142.396240234375,144.93307974702813,141.49512401563555,143.88503314588232,88570300
2022-06-06,143.14064025878906,145.52077501341512,141.92608448379778,144.01237341190438,71598400
2022-06-07,145.65786743164062,145.94190886611432,141.1424829420523,141.3873519166599,67808200
2022-06-08,144.9232940673828,146.79408210793065,144.4335560047601,145.5305644824367,53950200
2022-06-09,139.71250915527344,144.91352630119295,139.60476615648915,144.06138663984123,69473000
2022-06-10,134.3155517578125,137.8710395567264,134.24698126233585,137.40089525066517,91437900
2022-06-13,129.17332458496094,132.4251777606438,128.7423526705115,130.14299644685158,122207100
2022-06-14,130.03524780273438,131.1420606306549,128.7815195311164,130.39766413988795,84784300
2022-06-15,132.6504669189453,134.5212702217429,129.4475902081577,131.53386454500733,91533000
2022-06-16,127.39067840576172,129.67285985675707,126.39160844816745,129.36922461121898,108123900
2022-06-17,128.85987854003906,130.34868645706888,127.14579529566508,127.40046865716874,134520300
2022-06-21,133.0814208984375,134.24699991857628,130.58376865027734,130.68170729877417,81000500
2022-06-22,132.57208251953125,134.93260831981635,131.1616346888571,132.02356340545535,73409200
2022-06-23,135.43215942382812,135.74558399228505,132.84634321517927,134.0119221215175,72433800
2022-06-24,138.7525634765625,138.99743245843743,136.90135457141264,137.02867627896833,89116800
2022-06-27,138.7525634765625,140.54500621736102,138.07672269528902,139.77121186509095,70207900
2022-06-28,134.61923217773438,140.47649657650823,134.50169979812208,139.2129786588069,67083400
2022-06-29,136.3724822998047,137.78293057588337,133.86502534038587,134.63881999394516,66242400
2022-06-30,133.91400146484375,135.53013138802967,131.0245493574635,134.4331227102609,98964500
2022-07-01,136.07861328125,136.1863562547321,132.87573705664798,133.2479278277153,71051600
2022-07-05,138.6546173095703,138.70359409768392,134.1196387404863,134.94240992218974,73353800
2022-07-06,139.9867401123047,141.16210859174285,138.1845074474581,138.44897021265854,74064300
2022-07-07,143.34632873535156,143.54222096010838,140.33933002838788,140.34911940865916,66253700
2022-07-08,144.02215576171875,144.52169812610057,142.02403114104803,142.2786895406023,64547800
2022-07-11,141.89671325683594,143.63039032716094,140.8290877786715,142.68029721118097,63141600
2022-07-12,142.86639404296875,145.40323372369386,142.07302074051665,142.76844044820817,77588800
2022-07-13,142.50399780273438,143.44428658574307,139.20315284375937,140.05530730128564,71185600
2022-07-14,145.42283630371094,145.89298070687983,140.30996921418316,141.1229362743088,78140700
2022-07-15,147.0879364013672,147.76377735798872,145.1583671279135,146.7059412883577,76259900
2022-07-18,144.0515899658203,148.45923341835072,143.68917356336667,147.64626627696484,81420900
2022-07-19,147.9009246826172,148.1262000519952,143.89487011094474,144.88413581614606,82982400
2022-07-20,149.89903259277344,150.56508418725386,147.28383290571463,148.01844006316782,64823400
2022-07-21,152.16162109375,152.3771070356204,148.821603940378,151.32906041419434,65086600
2022-07-22,150.92747497558594,153.07253011561605,150.2614383736218,152.20079694797485,66675400
2022-07-25,149.81085205078125,151.85795331530994,149.15460492057616,150.84909422530328,53623900
2022-07-26,148.48863220214844,149.9480425121047,147.7050480720004,149.1350752848182,55138700
2022-07-27,153.57205200195312,154.1009774684585,149.03708779660727,149.44846596743406,78620700
2022-07-28,154.12057495117188,154.40461645264705,151.24091273921562,153.7581586202447,81378700
2022-07-29,159.1746826171875,160.27170619819887,156.226464436767,157.93075852013737,101786900
2022-08-01,158.1951904296875,160.2325026515257,157.58791998844677,157.7054523459462,67829400
2022-08-02,156.72596740722656,159.07671904499605,156.35377664743476,156.81413161603723,59907000
2022-08-03,162.72035217285156,163.1709027619496,157.450766526114,157.53891577890045,82507500
2022-08-04,162.406982421875,163.75866466085358,161.05530018289645,162.60287471628337,55474100
2022-08-05,162.18136596679688,162.67178435198056,159.876393569881,160.08237587686597,56697000
2022-08-08,161.71054077148438,164.59420304327227,161.05338198319762,163.18179581085533,60276900
2022-08-09,161.75958251953125,162.6423445061743,160.1215870695177,160.8768354992681,63135500
2022-08-10,165.99681091308594,166.09488560468589,163.70164162721542,164.46669306704544,70170500
2022-08-11,165.26113891601562,167.71323004201895,164.96688498761992,166.80104436062993,57149200
2022-08-12,168.80197143554688,168.8706222095757,166.15370085284405,166.56566536252754,68039400
2022-08-15,169.87112426757812,170.06728863023804,168.0663881848966,168.2331286414766,54091700
2022-08-16,169.7141876220703,170.3811644180383,168.37044601656845,169.46897842594916,56377100
2022-08-17,171.20501708984375,172.77434653771422,169.26296497615442,169.45912928634104,79542000
2022-08-18,170.81271362304688,171.54834118381174,169.8024529702403,170.4203849105247,62290100
2022-08-19,168.23309326171875,170.41055165199725,168.02711099609633,169.7141510996703,70346300
2022-08-22,164.35879516601562,166.6049043800519,163.9370276482697,166.43816395511286,69026800
2022-08-23,164.0253143310547,165.47696339789675,163.4564272588674,163.87819481513557,54147100
2022-08-24,164.3195343017578,164.88842125613922,163.0640648046323,164.11356702212305,53841500
2022-08-25,166.77163696289062,166.87952958176348,165.12383874706296,165.54559127859812,51218200
2022-08-26,160.4844970703125,167.77212157949262,160.42564926256463,167.30132415112922,78961000
2022-08-29,158.28744506835938,159.77830620497173,156.7573420791942,158.0618418321346,73314000
2022-08-30,155.86476135253906,159.44480926961938,154.6975633016655,159.02305667853338,77906200
2022-08-31,154.20712280273438,157.5027341926007,154.12865408316875,157.23790413486398,87991100
2022-09-01,154.93296813964844,155.38414463005734,151.70600708998924,153.63825654168207,74229900
2022-09-02,152.82418823242188,157.28699892323417,152.00028886480865,156.6886878420521,76957800
2022-09-06,151.56869506835938,154.07963464254792,150.7447958267751,153.4715206737186,73714800
2022-09-07,152.97129821777344,153.6676838931478,150.66632598771957,151.85314497915547,87449600
2022-09-08,151.5000457763672,153.36362955067995,149.75414265238146,151.67658920142858,84923800
2022-09-09,154.35426330566406,154.79565178409123,151.78447599724632,152.49067960307377,68028800
2022-09-12,160.29815673828125,161.1122531071859,156.24731078742482,156.5317468843277,104956000
2022-09-13,150.8918914794922,157.46349338077283,150.43089710301157,156.8357585865151,122656600
2022-09-14,152.333740234375,154.08944624806267,150.66632089509483,151.82370097735972,87965400
2022-09-15,149.45008850097656,152.2651001071562,148.4790697119515,151.68639505914092,90481100
2022-09-16,147.81207275390625,148.44962552428208,145.5267216779744,148.31230899881908,162278800
2022-09-19,151.5196533203125,151.5981220543988,146.24276190884032,146.44872924023372,81474200
2022-09-20,153.89328002929688,155.05067517637016,150.14649142825516,150.46035140561636,107689800
2022-09-21,150.77418518066406,155.69798850992015,150.65648959208787,154.32480845556432,101696800
2022-09-22,149.81300354003906,151.50984684718208,148.0180705759549,149.4599017279835,86652500
2022-09-23,147.5472412109375,148.5673196468233,145.71308157487604,148.29268659863374,96029900
2022-09-26,147.88076782226562,150.82327820825114,146.77241745430226,146.7920383807957,93339400
2022-09-27,148.8517608642578,151.75504386028683,147.0764489671257,149.81299153282302,84442700
2022-09-28,146.96856689453125,147.75323924438212,142.06438341593866,144.81072915722658,146691400
2022-09-29,139.74961853027344,143.9083718149734,137.98410935439225,143.30025780798485,128138200
2022-09-30,135.5516357421875,140.35774479295515,135.35547138562947,138.5726147256006,124925300
2022-10-03,139.72019958496094,140.32832857992096,135.05142179088293,135.5614611189966,114311700
2022-10-04,143.30023193359375,143.41792753527417,141.4954812316815,142.25072959734777,87830100
2022-10-05,143.594482421875,144.55571313373582,140.26944671107276,141.3091461524557,79471000
2022-10-06,142.64308166503906,144.7126478104947,142.43711432828448,143.0158044200555,68402200
2022-10-07,137.4053955078125,140.35772324812106,136.7776606833551,139.80844218113944,85925600
2022-10-10,137.72906494140625,139.17089585032406,135.91452632499212,137.72906494140625,74899000
2022-10-11,136.31668090820312,138.64127407342733,135.57125040118655,137.21904887976436,77033700
2022-10-12,135.68898010253906,137.67027493258615,135.5124366353625,136.46384967439388,70433700
2022-10-13,140.24984741210938,140.8383404618952,131.7950247428473,132.4031536839207,113224000
2022-10-14,135.72817993164062,141.75051634248345,135.5418185741853,141.54453406151188,88598000
2022-10-17,139.68092346191406,140.16152374746147,137.58193404215913,138.3666062011952,85250900
2022-10-18,140.99530029296875,143.88876607092178,137.91547311478982,142.70196183745628,99136600
2022-10-19,141.10316467285156,142.1722730567363,138.78838952105372,138.974750883936,61758300
2022-10-20,140.6422119140625,143.09430432832986,139.916387171541,140.27930702599392,64522000
2022-10-21,144.44781494140625,145.0167019837592,139.916339525803,140.13212478208789,86548600
2022-10-24,146.5860595703125,147.35111109163424,143.20217553886908,144.36937374781388,75981900
2022-10-25,149.420654296875,149.56778877679034,146.4977652190575,147.21377179556336,74732300
2022-10-26,146.4879608154297,149.07736899312695,145.20305222207165,148.06710843299678,88194300
2022-10-27,142.02516174316406,146.1937178528811,141.36800292889203,145.23250204640354,109180200
2022-10-28,152.75550842285156,154.48177557471033,144.98728378991743,145.35999154749908,164762400
2022-10-31,150.40147399902344,151.2842358798015,149.0086878845991,150.22493060269468,97943200
2022-11-01,147.76304626464844,152.47106552613408,146.27218522217615,152.10816072803473,80379300
2022-11-02,142.25074768066406,149.25392123210702,142.2213237765035,146.0956258102425,93604600
2022-11-03,136.21856689453125,140.06344386766708,136.09105337060134,139.33761952846183,97918500
2022-11-04,135.95333862304688,140.16810151754257,132.0234836201314,139.59827074317496,140814800
2022-11-07,136.48388671875,136.70984922405512,133.29087896117363,134.70562941235488,83374600
2022-11-08,137.0537109375,138.94985902565782,135.07896394018204,137.9477566640864,89908500
2022-11-09,132.50486755371094,136.12034157773797,132.22977893126608,136.07121539704306,74917800
2022-11-10,144.29446411132812,144.29446411132812,137.05371017047622,138.7632027049217,118854000
2022-11-11,147.07481384277344,147.37937519314977,141.83828048896822,143.26286485614494,93979700
2022-11-14,145.6796875,147.64461451239947,144.84458752324886,146.35758971787035,73374100
2022-11-15,147.40882873535156,150.89657743758315,145.95478683657723,149.55060713210176,89868300
2022-11-16,146.1807861328125,147.2418488642614,144.70709039322372,146.51483522710427,64218300
2022-11-17,148.0769500732422,148.8236171893066,143.5870831617381,143.8621718356149,80389400
2022-11-18,148.63693237304688,150.02220984195606,147.34008803390304,149.63904958366277,74829600
2022-11-21,145.41444396972656,147.73305885560603,145.12953609848137,147.52674987775407,58724100
2022-11-22,147.54637145996094,147.78216811313607,144.35336486366882,145.53233313834016,51804100
2022-11-23,148.4208221435547,149.16748927839564,146.72114887646376,146.82922050043365,58301400
2022-11-25,145.51272583007812,146.26922721502757,144.54008119228595,145.70921560778717,35195900
2022-11-28,141.69088745117188,144.06844732695734,140.8656217074189,142.5947520740256,69246000
2022-11-29,138.69442749023438,142.27059550015326,137.88881488460692,141.75971007267643,83763800
2022-11-30,145.43408203125,146.11198429763354,138.08525867650403,138.9203437218135,111380900
2022-12-01,145.70919799804688,146.51482547786148,144.03901260255705,145.61096061666942,71250400
2022-12-02,145.21795654296875,145.4046270438478,143.09583136119605,143.40040769964443,65447400
2022-12-05,144.05868530273438,148.27344880391388,143.2137657558394,145.17869354013385,68826400
2022-12-06,140.4038848876953,144.71689974436399,139.43124046996064,144.49093730068225,64727200
2022-12-07,138.4684600830078,140.85584008868295,137.5449416476374,139.69653991914743,69721100
2022-12-08,140.1484375,141.00319109284194,138.62563079391435,139.86352962985669,62128300
2022-12-09,139.66705322265625,143.01725827820258,138.42913927736055,139.84388950557997,76097000
2022-12-12,141.9561767578125,141.96599599737974,138.58631867677312,140.19755844692216,70462700
2022-12-13,142.91900634765625,147.34009332894186,141.71058010364294,146.87833415604433,93886200
2022-12-14,140.6986541748047,144.08815144991274,138.68460028950005,142.80112620848055,82291200
2022-12-15,134.10629272460938,139.3133532425607,133.6445335943197,138.63545090272245,98931900
2022-12-16,132.15121459960938,135.23615066480997,131.3848939522239,134.29299371012456,160156900
2022-12-19,130.04872131347656,132.82909551472687,129.01714637272462,132.74067737544078,79592600
2022-12-20,129.97996520996094,130.91330283228723,127.6122238272619,129.08591954394805,77432800
2022-12-21,133.07473754882812,134.4108891056121,130.42208791158035,130.64805042002772,85928000
2022-12-22,129.9111785888672,132.20032094511618,128.0150307307424,131.99401195090732,77852100
2022-12-23,129.5476531982422,130.09783042542833,127.36658276817921,128.62413499923468,63814900
2022-12-27,127.749755859375,129.10556058535423,126.46273078933113,129.07608787315525,69007800
2022-12-28,123.8297348022461,128.73222692892008,123.66271775984323,127.39607559848972,85438400
2022-12-29,127.33708953857422,128.19182795083975,125.49006093381054,125.74549603635356,75703700
2022-12-30,127.65151977539062,127.67117324976594,125.19536766637758,126.15818552945343,77034200
2023-01-03,122.87673950195312,128.6044974020352,121.99252063798394,127.9953746812147,112117500
2023-01-04,124.14411163330078,126.40378110334795,122.88655931785308,124.66481618620305,89113600
2023-01-05,122.8276138305664,125.52938912334946,122.57217865426507,124.90061292758642,80962700
2023-01-06,127.34697723388672,128.0052263064182,122.69992677159715,123.8002891357673,87754700
2023-01-09,127.8676528930664,131.07049435820306,127.61221771125115,128.1820484933381,70790800
2023-01-10,128.43748474121094,128.95818934117645,125.87325369613974,127.97572556898378,63896200
2023-01-11,131.14910888671875,131.16874737067045,128.1722445262406,128.94838439618852,69458900
2023-01-12,131.07049560546875,131.90558081812333,129.13504077259947,131.5322547782573,71379600
2023-01-13,132.3968048095703,132.55400260182785,129.35117628841525,129.71468306570503,57809700
2023-01-17,133.55615234375,134.88246968730516,131.77789498509242,132.46561675484807,63646600
2023-01-18,132.83892822265625,136.1792989256054,132.6620769549058,134.42069543585905,69672800
2023-01-19,132.89788818359375,133.86069855178562,131.42419241972087,131.7287538123279,58280400
2023-01-20,135.4522705078125,135.59964906296133,131.86628386729487,132.90769302903612,80223600
2023-01-23,138.6354522705078,140.806703627411,135.4817372209474,135.6978804326285,81760300
2023-01-24,140.03053283691406,140.64948968940584,137.83964325138285,137.84946249034775,66435100
2023-01-25,139.372314453125,139.93231102042415,136.37579688239575,138.41932337339787,65799300
2023-01-26,141.4354705810547,141.72037843724186,139.4115829133593,140.6593159193217,54105100
2023-01-27,143.3709259033203,144.64813175929368,140.57091324840124,140.64951214628343,70555800
2023-01-30,140.49232482910156,142.99761054282715,140.34496125408572,142.41796049282078,64015300
2023-01-31,141.75967407226562,141.8088002532181,139.78492752410364,140.19756045993424,65874500
2023-02-01,142.8796844482422,144.0389993752098,138.8417731528238,141.44529588395375,77663600
2023-02-02,148.17520141601562,148.52887400177488,145.57166328269082,146.28885767804982,118339000
2023-02-03,151.79063415527344,154.6201342687517,145.23760339877686,145.43409313083382,154357300
2023-02-06,149.06918334960938,150.4151685448772,148.13584601851642,149.89446408675576,69858300
2023-02-07,151.93800354003906,152.50783427872634,147.99832954313612,147.99832954313612,83322600
2023-02-08,149.25588989257812,151.8692470443083,148.51904208604415,151.18152542311802,64120100
2023-02-09,148.22430419921875,151.62363543992853,147.782198500911,151.0832773681269,56007100
2023-02-10,148.58837890625,148.913088785703,146.82709018156558,147.06324691592152,57450700
2023-02-13,151.3828582763672,151.78627208132363,148.49983612289876,148.52935383999073,62199000
2023-02-14,150.74325561523438,151.30412220458746,148.44078385852455,149.68057287811524,61707600
2023-02-15,152.83908081054688,153.00635283510616,150.42837278798947,150.65468023132328,65573800
2023-02-16,151.24508666992188,153.82306709582505,150.8908590911332,151.0482818929642,68167900
2023-02-17,150.1037139892578,150.54649479465752,148.43097816102596,149.90692418842454,59144100
2023-02-21,146.09890747070312,148.8736919600815,146.03003782775363,147.79132602150992,58867200
2023-02-22,146.52207946777344,147.54539539799444,144.80014250744384,146.48271250078488,51011300
2023-02-23,147.00421142578125,147.92913996180903,144.87886065676489,147.68314896878456,48394200
2023-02-24,144.3573455810547,144.8296440334222,143.38321594733068,144.75092512234477,55469600
2023-02-27,145.5479278564453,146.7778826433076,145.08546365545737,145.3413038601465,44998500
2023-02-28,145.046142578125,146.6893607214016,144.47544163386908,144.6919149235558,50547000
2023-03-01,142.97979736328125,144.8690063216874,142.6846051791963,144.47542675230628,55479000
2023-03-02,143.57015991210938,144.3573339453376,141.59238308918532,142.0646965175798,52238100
2023-03-03,148.6080322265625,148.68675112203792,144.96736964186593,145.66597544130724,70732300
2023-03-06,151.36314392089844,153.79353555974586,150.99908214162087,151.32377696340643,87558000
2023-03-07,149.16891479492188,151.55993956940895,148.7064506179963,151.23522972088062,56182000
2023-03-08,150.41851806640625,151.0089022608483,149.39520247867964,150.3594826497808,47204800
2023-03-09,148.17510986328125,152.06176399701366,147.82088228318355,151.09748364556307,53833600
2023-03-10,146.1186065673828,148.51948035027368,145.24287949222287,147.8011910673905,68572400
2023-03-13,148.05702209472656,150.68420342446277,145.33143838738883,145.43967499711258,84457100
2023-03-14,150.1430206298828,150.94002884188114,147.6929605728649,148.85403055723415,73695900
2023-03-15,150.53663635253906,150.79246155107444,147.51586009545082,148.76549840164833,77167900
2023-03-16,153.35073852539062,153.95095694332394,149.2082450157043,149.7199103098672,76161100
2023-03-17,152.51438903808594,154.22649145558808,151.80593390078133,153.57707174404283,98944600
2023-03-20,154.87588500976562,155.28916298853815,151.6780028890537,152.5832627325511,73641400
2023-03-21,156.72573852539062,156.8438093660786,154.0296725549558,154.79717806171172,73938300
2023-03-22,155.29898071289062,159.53986153376988,155.27929723644732,156.74540844255807,75701800
2023-03-23,156.38136291503906,158.9593583364734,155.15140813839363,156.28297554136526,67622100
2023-03-24,157.68023681640625,157.76878997628896,155.31872913493615,156.31252740651905,59196500
2023-03-27,155.7417755126953,158.19185056660328,155.33834678641222,157.37515888196728,52390300
2023-03-28,155.1218719482422,155.9484128704115,153.4786543640599,155.4367475403247,45992200
2023-03-29,158.19187927246094,158.4673879613573,156.79465234617297,156.81432081388166,51305700
2023-03-30,159.7563934326172,159.86463007168524,158.68387629082392,158.93970152221254,49501700
2023-03-31,162.25559997558594,162.35400234628182,159.3135582693612,159.835057803043,68749800
2023-04-03,163.50523376464844,163.62330459513862,161.58650769871608,161.63570888278477,56976200
2023-04-04,162.9739227294922,164.16451047380076,162.46225736922722,163.92836877990578,46278300
2023-04-05,161.13389587402344,162.4032175003463,159.2053353608918,162.09819114468434,51511700
2023-04-06,162.0194854736328,162.31467762112032,159.40213812085784,159.8252353547828,45390100
2023-04-10,159.43167114257812,159.43167114257812,157.51294452082058,158.8314525568901,47716900
2023-04-11,158.2213897705078,159.75637097122245,157.93603184667685,159.7465367378167,47644200
2023-04-12,157.53260803222656,159.4611686435216,157.21773241416443,158.6346426672523,50133100
2023-04-13,162.90504455566406,163.14120127307194,158.83143501847854,159.03807402297244,68445600
2023-04-14,162.5606689453125,163.65286938363687,161.19295983913122,161.9506011686896,49386500
2023-04-17,162.580322265625,162.73776006518966,161.39956879707992,162.44256794452966,41516200
2023-04-18,163.8004608154297,164.7253892225956,162.99360326395418,163.43639900098648,49923000
2023-04-19,164.94186401367188,165.46336364998885,162.8853681685066,163.1412083770297,47720200
2023-04-20,163.97755432128906,165.17799130758831,162.9050374280842,163.4265370188754,52456400
2023-04-21,162.37371826171875,163.78077935638615,161.85221862385353,162.4032359760057,58337300
2023-04-24,162.6787567138672,162.94443117624493,161.26184626664974,162.35404681853836,41949600
2023-04-25,161.1437530517578,163.64301445601814,161.1043860925183,162.54097982284455,48714100
2023-04-26,161.13389587402344,162.62952495549953,160.18929909610858,160.44512426219072,45498800
2023-04-27,165.70933532714844,165.85692388096987,162.54097091629146,162.54097091629146,64902300
2023-04-28,166.95896911621094,167.12625617335198,165.1878463008649,165.78806481489534,55275900
2023-05-01,166.87042236328125,167.71663185783257,165.9356597273935,166.56539597816914,52472900
2023-05-02,165.8372344970703,167.61822139630092,164.85327080237903,167.36238122666072,48425700
2023-05-03,164.76473999023438,168.17909567440717,164.47939708632646,166.78186884038578,65136000
2023-05-04,163.13137817382812,164.36133312270948,161.6751157183002,162.24581661627295,81235400
2023-05-05,170.78663635253906,171.50492585877407,168.0216849384858,168.23815821665508,113453200
2023-05-08,170.71775817871094,171.0621515927804,169.35004878579704,169.7141106701966,55962800
2023-05-09,169.01547241210938,170.7570775926942,168.84820036158354,170.27494492179522,45326900
2023-05-10,170.77674865722656,171.23921282792068,169.14336520388548,170.24541483030967,53724500
2023-05-11,170.96372985839844,171.7902559418124,169.40906507439723,171.06213225532295,49514700
2023-05-12,170.03750610351562,171.50563041723674,168.49053896760506,171.07208510437357,45533100
2023-05-15,169.5448455810547,170.66811525184778,168.95364468701064,170.6188460048669,37266700
2023-05-16,169.5448455810547,170.5991352991019,169.27880367524853,169.46601779285794,42110300
2023-05-17,170.15579223632812,170.3922606356665,167.91910007175713,169.19017785767176,57951600
2023-05-18,172.48110961914062,172.6683237371227,170.04735615510018,170.46119076780954,65496700
2023-05-19,172.58950805664062,173.80145343851697,172.37273538217633,173.80145343851697,55809500
2023-05-22,171.64358520507812,172.14611049896482,170.90459157041087,171.42681253611994,43570900
2023-05-23,169.0423126220703,170.83561089353927,168.76642289336164,170.58927970470205,50747300
2023-05-24,169.31820678710938,169.8896969643689,168.01758589409968,168.57921320123526,45143500
2023-05-25,170.4513397216797,171.3479738482291,169.17041449607095,169.8798495430277,56058300
2023-05-26,172.85549926757812,173.19052108114823,170.5695538562492,170.7764786518407,54835000
2023-05-30,174.69810485839844,176.36330631715728,173.9788219031772,174.36309800636275,55964400
2023-05-31,174.64886474609375,176.7180533606995,174.16605006005452,174.72769255411242,99625300
2023-06-01,177.4471435546875,177.47670209655325,174.33351350934285,175.09221783191245,68901800
2023-06-02,178.29452514648438,179.11234656032465,176.62932377666553,178.37335293714096,61996900
2023-06-05,176.9446563720703,182.23584654381537,175.42724752914353,179.94990047733975,121946500
2023-06-06,176.58004760742188,177.4766816655694,174.82615579439974,177.3288889732544,64848400
2023-06-07,175.21046447753906,178.5507149734009,174.71780207381394,175.82136104700194,61944600
2023-06-08,177.9201202392578,178.18614713091944,174.85575927069235,175.2892895872439,50214900
2023-06-09,178.30438232421875,179.55573399442156,177.9792233362159,178.83645110058313,48900000
2023-06-12,181.0928497314453,181.19138823156914,178.31424143935143,178.60984190485868,54274900
2023-06-13,180.619873046875,181.44754220802452,179.76264534674598,180.1173628493618,54929100
2023-06-14,181.25048828125,181.68403358526143,179.34881869349235,180.67899811094975,57462900
2023-06-15,183.2802734375,183.78279874291368,181.08300318978328,181.26036948430115,65433200
2023-06-16,182.20626831054688,184.245897953939,181.56581317602513,183.98970387223915,101256200
2023-06-20,182.294921875,183.3689372512462,181.70373606119196,181.70373606119196,49799100
2023-06-21,181.26039123535156,182.6891094596189,179.910485779367,182.18658409390272,49515700
2023-06-22,184.25576782226562,184.30503707731958,180.97463389589913,181.04361385994784,51245300
2023-06-23,183.9404296875,184.8075203379306,182.29493904669715,182.8270228675936,53117000
2023-06-26,182.5511474609375,185.29034946556595,182.51172604562308,184.08825189117624,48088700
2023-06-27,185.30020141601562,185.6253604426876,182.94527546666254,183.16204815111053,50730800
2023-06-28,186.47268676757812,187.1131417649888,184.84690713731368,185.17205103547798,51216800
2023-06-29,186.8077392578125,187.2807060224463,186.16728410364277,186.30522898461155,46347300
2023-06-30,191.12344360351562,191.62595381515632,188.45320690668942,188.81778728912292,85213200
2023-07-03,189.63563537597656,191.03479491877454,188.94589592351636,190.9362564156046,31458200
2023-07-05,188.522216796875,190.14799688410469,187.82262949557398,188.7587001877792,46920300
2023-07-06,188.99517822265625,189.2021030796526,186.42347947497262,187.05408684814694,45094300
2023-07-07,187.88172912597656,189.84253092683244,187.4481988352347,188.60102706839623,46815000
2023-07-10,185.84210205078125,187.2018550195119,184.2951349736181,186.48255712554894,59922200
2023-07-11,185.3198699951172,186.52196732292174,183.86159365977753,186.38402246734722,46638100
2023-07-12,186.98507690429688,188.88674640306317,185.7041517573503,186.89638625272656,60750200
2023-07-13,187.7437744140625,188.38424453327508,186.99493300399138,187.7043680387378,41342300
2023-07-14,187.89161682128906,188.37441642370476,186.847174781534,187.4383607296714,41616200
2023-07-17,191.14315795898438,191.46831693797242,188.9951421376018,189.08381775872684,50520200
2023-07-18,190.88699340820312,191.47819437683242,189.5962201627232,190.5125801606121,48288200
2023-07-19,192.2368927001953,195.32094939257118,189.8228346836756,190.26624291356026,80507300
2023-07-20,190.29580688476562,193.5867885139367,189.67504737311495,192.22703531122195,59581200
2023-07-21,189.1232452392578,192.10877819186132,188.4236580132484,191.25155042374644,71951700
2023-07-24,189.9213409423828,192.04964595897565,189.42867857936756,190.57165886992988,45377800
2023-07-25,190.77859497070312,191.58656857428397,190.08887057427083,190.49285737606127,37283200
2023-07-26,191.64569091796875,192.76896069007793,190.48301476563847,190.82786945588313,47471900
2023-07-27,190.38446044921875,194.30604897209747,189.72429463258098,193.1433729163405,47460200
2023-07-28,192.95616149902344,193.74442436278966,191.29096014596897,191.8131810983056,48291400
2023-07-31,193.56703186035156,193.60645326737566,192.39449307660055,193.18275583360523,38824100
2023-08-01,192.7393798828125,193.8429388199064,192.41422090280528,193.36013930235927,35175100
2023-08-02,189.75384521484375,192.3156805851802,189.03456234552243,192.17773571935334,50389300
2023-08-03,188.3645477294922,189.54693452970886,187.8915960163783,188.75868668614032,61235200
2023-08-04,179.3192901611328,184.63019095429203,179.25031019901363,182.79748597555601,115956800
2023-08-07,176.22537231445312,180.4425618735659,174.7473848978987,179.45723692919626,97576100
2023-08-08,177.16140747070312,177.62451134366992,174.97398514494694,177.05302113799038,67823000
2023-08-09,175.5750274658203,178.27480777933516,174.41233639065635,178.2156906972674,60378500
2023-08-10,175.35826110839844,178.09746293161143,174.99369573264087,176.8460961883882,54686900
2023-08-11,175.41746520996094,176.23639103718068,174.19402209160106,174.95375100085724,52036700
2023-08-14,177.06517028808594,177.2920967961584,174.9438523177461,175.59504844195268,43675600
2023-08-15,175.0819854736328,177.08489459113486,174.68732936330193,176.49291042563854,43622600
2023-08-16,174.21377563476562,176.15747319458026,174.1447025205994,174.76630032742042,46964900
2023-08-17,171.6780548095703,175.1412101505236,171.1649897406694,174.77615243783515,66062900
2023-08-18,172.16151428222656,172.76337470680727,169.6652772069575,170.0007364455324,61172200
2023-08-21,173.49346923828125,173.77960771425435,171.4215020828672,172.7337554755455,46311900
2023-08-22,174.8649139404297,175.30890581271296,173.89799596554266,174.69718434668556,42038900
2023-08-23,178.70301818847656,179.12728783194132,175.9502562936072,176.1377232252428,52722800
2023-08-24,174.02630615234375,178.68332143034684,173.6612333709249,178.25905172631101,54945800
2023-08-25,176.22650146484375,176.75928869570708,173.47373983758078,175.0129196769248,51449600
2023-08-28,177.7854461669922,178.1801023209798,176.1673318473753,177.68677460091166,43820700
2023-08-29,181.66297912597656,182.4325690983829,177.1046362040057,177.30196426395187,53003900
2023-08-30,185.14585876464844,185.34320186637345,182.27470331859433,182.47203136515444,60813900
2023-08-31,185.36294555664062,186.59626480914432,184.97815055206615,185.33334709899387,60794500
2023-09-01,186.93174743652344,187.38560051082152,185.76748618147488,186.96134589549212,45766500
2023-09-05,187.1685333251953,187.44479564304942,185.1064270757959,185.7674844117445,45280000
2023-09-06,180.46913146972656,186.32986658571798,179.04834537431464,185.88585963952747,81755800
2023-09-07,175.19052124023438,175.83185624974686,171.22416252451072,172.84227669356144,112488800
2023-09-08,175.80224609375,177.8347687964352,175.417451102765,175.96999075471308,65551300
2023-09-11,176.96653747558594,177.8939960879197,174.97348907813478,177.66706953016848,58953100
2023-09-12,173.9473419189453,177.72623373133553,172.487096210491,177.09477490699047,90370200
2023-09-13,171.88525390625,174.93401565723292,171.65831231126361,174.15454941477398,84267900
2023-09-14,173.39480590820312,173.75000241444866,171.2636268707299,171.67802028548886,60895800
2023-09-15,172.6745147705078,174.14463638420483,171.50040777210137,174.12489906548618,109259500
2023-09-18,175.5950469970703,176.9862345995646,173.81906442528665,174.12492516303394,67257600
2023-09-19,176.68035888671875,177.2328834055171,174.76624533576447,175.15104027243933,51826900
2023-09-20,173.1481475830078,177.30195805066697,173.0593371622532,176.86782730089922,58436200
2023-09-21,171.6089630126953,173.94734650075085,171.53990496478352,172.22069958579337,63149100
2023-09-22,172.45748901367188,174.7169382879251,171.7273736602944,172.33909518451154,56725400
2023-09-25,173.73028564453125,174.60840835340898,171.82603288281885,171.87536866413782,46172700
2023-09-26,169.66526794433594,172.8620217812148,169.3692683155077,172.4871029695211,64588900
2023-09-27,168.15570068359375,170.73087230994705,166.79412624167495,170.31647877934836,66921800
2023-09-28,168.41220092773438,169.73431545858824,165.38316183381656,167.0802102082604,56294400
2023-09-29,168.92527770996094,170.76045735672912,168.06687727418498,169.7244661753788,51861100
2023-10-02,171.43138122558594,171.97404472395215,168.64900568223578,168.93514418826848,52164500
2023-10-03,170.09939575195312,171.31299281082715,168.54049336939298,169.96126458937815,49594600
2023-10-04,171.34259033203125,171.88525384459265,168.68848474300435,168.80687858022958,53020300
2023-10-05,172.575927734375,173.1087151128758,170.37567499430378,171.4708632688818,48527900
2023-10-06,175.1214599609375,175.61478762599208,170.86896284182788,171.48069938400815,57266700
2023-10-09,176.6014404296875,176.6606373398207,173.45400756283908,174.45052401213385,42390800
2023-10-10,176.00946044921875,177.32171396949087,175.57532965392068,175.72333700059065,43698000
2023-10-11,177.400634765625,177.4499705441094,175.22999600880442,175.82198018511957,47551100
2023-10-12,178.2985076904297,179.90674578858014,176.6507798893927,177.6670488234186,56743100
2023-10-13,176.4633331298828,179.5022186651883,175.76280113660414,178.99902980590412,51427100
2023-10-16,176.3350372314453,176.6902337432856,174.15452238414363,174.39132507709223,52517000
2023-10-17,174.78598022460938,176.03903666999224,172.46734930467605,174.29265257502803,57549400
2023-10-18,173.49346923828125,175.21025492862336,172.77321506438722,173.23694427289632,54764400
2023-10-19,173.11854553222656,175.46677490830675,172.85214438582656,173.69079235758196,59302900
2023-10-20,170.57296752929688,173.07906528544774,170.33616484514565,172.970532603774,64244000
2023-10-23,170.69139099121094,171.68790756499885,167.6623515662161,168.62928473640696,55980100
2023-10-24,171.12551879882812,171.35244533043914,169.16206908920728,170.74072378645857,43816600
2023-10-25,168.8166961669922,170.75053176113963,168.3726893211954,169.58628595213526,57157000
2023-10-26,164.66290283203125,169.09299056011605,163.45918215856796,168.0964590692853,70625300
2023-10-27,165.9751739501953,166.70530437202822,164.60372353518264,164.6826577744484,58499100
2023-10-30,168.01754760742188,168.88580920893756,166.61649869462795,166.76450604315932,51131000
2023-10-31,168.4911346435547,168.61938959873203,165.6594236135805,167.09008588386948,44846000
2023-11-01,171.6484375,171.90496247869652,167.849808268541,168.71806981976965,56934900
2023-11-02,175.2003936767578,175.40758286457637,173.11855033416663,173.17774724497193,77334800
2023-11-03,174.2926788330078,174.46042350768224,171.0367278993792,171.91485064572058,79829200
2023-11-06,176.8382568359375,177.035584920202,173.85856813665714,174.02629776104038,63841300
2023-11-07,179.3936767578125,180.00539823599848,176.58170308551922,176.78889227095914,70530000
2023-11-08,180.4494171142578,181.00194176498167,179.16676200069597,179.91662978825056,49340300
2023-11-09,179.97579956054688,181.66297171772456,179.38380034968415,180.51846299464347,53763500
2023-11-10,184.1548614501953,184.3228271167955,181.31943456996746,181.75413731292954,66133400
2023-11-13,182.5741424560547,183.7893232540613,181.9912524470517,183.58186108306094,43627500
2023-11-14,185.18231201171875,185.84424013993512,184.05604376632093,185.43917491856425,60108400
2023-11-15,185.7454376220703,187.21749618530262,185.51821216432265,185.5873762590713,53790500
2023-11-16,187.4250030517578,188.65994715340477,186.37775779056014,187.28668991537342,54412900
2023-11-17,187.4052734375,188.08696511623896,186.29876814737526,187.95852608256234,50922700
2023-11-20,189.14402770996094,189.598493753426,187.59294582194016,187.60281994734135,46505100
2023-11-21,188.3437957763672,189.21320125507725,187.45464204586924,189.10452557023848,38134500
2023-11-22,189.0056915283203,190.60617399815436,188.53147729188777,189.18353128885676,39617700
2023-11-24,187.68186950683594,188.60066069963858,186.97054048498805,188.57102324664504,24048300
2023-11-27,187.50401306152344,188.37341847212542,186.62473352580105,187.6324520630897,40552600
2023-11-28,188.10667419433594,188.77849160556613,187.11871894105684,187.49414676130317,38415400
2023-11-29,187.08908081054688,189.77632029571453,186.69390474066958,188.6006511365786,43014200
2023-11-30,187.66207885742188,188.02763251612237,185.92328320995222,187.55340318726755,48794400
2023-12-01,188.93655395507812,189.2526917735191,186.95075439627809,188.0375111237308,45704800
2023-12-04,187.14834594726562,187.7608884211111,185.19219887595256,187.69172432124148,43389500
2023-12-05,191.09030151367188,192.05849343193452,187.8893210956394,187.91897362196437,66628400
2023-12-06,190.00357055664062,192.41416882595195,189.79609331061306,192.1079050949125,41089700
2023-12-07,191.9300537109375,192.6512567588297,191.25823636118906,191.29776300970337,47477700
2023-12-08,193.35275268554688,193.62937898399056,191.3373152825971,191.86093042429425,53406400
2023-12-11,190.8531951904297,191.15947399253523,189.11439931154695,190.78404615931,60943700
2023-12-12,192.36477661132812,192.3746507369947,189.4107849369075,190.75440470261375,52696900
2023-12-13,195.5756378173828,195.6151493963814,192.50309623143957,192.74019585543422,70404200
2023-12-14,195.7238311767578,197.21563829918102,193.79732129680679,195.6349188149913,66831600
2023-12-15,195.19033813476562,196.01032777733312,194.62719637119332,195.1508114803035,128538400
2023-12-18,193.53053283691406,194.2616250715381,192.04860011875655,193.72812085100188,55751900
2023-12-19,194.56790161132812,194.57777573643529,193.5305456250714,193.79729775296602,40714100
2023-12-20,192.4833526611328,195.29901651008248,192.4833526611328,194.52841250300128,52242800
2023-12-21,192.33511352539062,194.70621508029078,191.16933361068988,193.73802319308166,46482500
2023-12-22,191.26812744140625,193.05632389177538,190.64571085868127,192.82908334808235,37149600
2023-12-26,190.7247772216797,191.55465607108982,190.50742584564344,191.2780297879531,28919300
2023-12-27,190.8235626220703,191.16935301152336,188.7883770898652,190.1715235726757,48087700
2023-12-28,191.2483673095703,192.3153607227681,190.8433020640508,191.80161980345068,34049900
2023-12-29,190.2110137939453,192.05848519728596,189.42064661751613,191.56450759639273,42672100
